date,hour,trip_category,vehicle_type,srch_rqst,srch_which_got_e,srch_fr_q,srch_which_got_q,booking,rides,done_ride,earning,cancel_ride,drvr_cancel,rider_cancel,srch_fr_q_variant,srch_which_got_q_variant,cnvr_rate,q_accept_rate,city,booking_type,city_code,bkng_cancel_rate,is_complete_day
2026-05-03,0,InterCity,Cab,0,0,0,0,3,2,1,3800,2,0,2,18.0,17.0,,,Bengaluru,Normal,BLR,0.6667,True
2026-05-03,0,OneWay,Auto,0,0,0,0,1164,1164,663,126608,501,264,237,1914.0,1180.0,,,Bengaluru,Normal,BLR,0.4304,True
2026-05-03,0,OneWay,Cab,0,0,0,0,936,720,383,139631,524,134,378,1930.0,1211.0,,,Bengaluru,Normal,BLR,0.5598,True
2026-05-03,0,Rental,Auto,0,0,0,0,0,0,0,0,0,0,0,10.0,10.0,,,Bengaluru,Normal,BLR,,True
2026-05-03,0,Rental,Cab,0,0,0,0,1,1,0,0,1,0,1,11.0,10.0,,,Bengaluru,Normal,BLR,1.0,True
2026-05-03,1,InterCity,Cab,0,0,0,0,0,0,0,0,0,0,0,18.0,18.0,,,Bengaluru,Normal,BLR,,True
2026-05-03,1,OneWay,Auto,0,0,0,0,785,785,400,83625,385,198,187,1660.0,798.0,,,Bengaluru,Normal,BLR,0.4904,True
2026-05-03,1,OneWay,Cab,0,0,0,0,660,523,240,103101,407,126,271,1828.0,970.0,,,Bengaluru,Normal,BLR,0.6167,True
2026-05-03,1,Rental,Auto,0,0,0,0,0,0,0,0,0,0,0,5.0,5.0,,,Bengaluru,Normal,BLR,,True
2026-05-03,1,Rental,Cab,0,0,0,0,0,0,0,0,0,0,0,5.0,5.0,,,Bengaluru,Normal,BLR,,True
2026-05-03,2,InterCity,Cab,0,0,0,0,1,1,1,1830,0,0,0,22.0,22.0,,,Bengaluru,Normal,BLR,0.0,True
2026-05-03,2,OneWay,Auto,0,0,0,0,259,259,149,27813,110,47,63,401.0,262.0,,,Bengaluru,Normal,BLR,0.4247,True
2026-05-03,2,OneWay,Cab,0,0,0,0,273,236,142,57985,123,33,88,550.0,459.0,,,Bengaluru,Normal,BLR,0.4505,True
2026-05-03,2,Rental,Auto,0,0,0,0,0,0,0,0,0,0,0,6.0,6.0,,,Bengaluru,Normal,BLR,,True
2026-05-03,2,Rental,Cab,0,0,0,0,2,2,0,0,2,1,1,9.0,8.0,,,Bengaluru,Normal,BLR,1.0,True
2026-05-03,3,InterCity,Cab,0,0,0,0,7,7,0,0,7,5,2,19.0,19.0,,,Bengaluru,Normal,BLR,1.0,True
2026-05-03,3,OneWay,Auto,0,0,0,0,195,195,113,21904,82,29,53,344.0,196.0,,,Bengaluru,Normal,BLR,0.4205,True
2026-05-03,3,OneWay,Cab,0,0,0,0,248,235,133,56353,115,31,84,425.0,340.0,,,Bengaluru,Normal,BLR,0.4637,True
2026-05-03,3,Rental,Auto,0,0,0,0,0,0,0,0,0,0,0,1.0,1.0,,,Bengaluru,Normal,BLR,,True
2026-05-03,3,Rental,Cab,0,0,0,0,0,0,0,0,0,0,0,1.0,1.0,,,Bengaluru,Normal,BLR,,True
2026-05-03,4,InterCity,Cab,0,0,0,0,3,1,1,1953,2,0,2,12.0,11.0,,,Bengaluru,Normal,BLR,0.6667,True
2026-05-03,4,OneWay,Auto,0,0,0,0,440,440,291,58661,149,74,75,622.0,442.0,,,Bengaluru,Normal,BLR,0.3386,True
2026-05-03,4,OneWay,Cab,0,0,0,0,434,424,267,110423,164,75,89,814.0,505.0,,,Bengaluru,Normal,BLR,0.3779,True
2026-05-03,4,Rental,Auto,0,0,0,0,1,0,0,0,1,0,1,3.0,2.0,,,Bengaluru,Normal,BLR,1.0,True
2026-05-03,4,Rental,Cab,0,0,0,0,2,2,0,0,2,1,1,4.0,4.0,,,Bengaluru,Normal,BLR,1.0,True
2026-05-03,5,InterCity,Cab,0,0,0,0,7,5,2,3443,5,1,3,29.0,25.0,,,Bengaluru,Normal,BLR,0.7143,True
2026-05-03,5,OneWay,Auto,0,0,0,0,1067,1067,720,136585,346,184,161,2791.0,1075.0,,,Bengaluru,Normal,BLR,0.3243,True
2026-05-03,5,OneWay,Cab,0,0,0,0,467,466,275,115706,192,71,121,982.0,543.0,,,Bengaluru,Normal,BLR,0.4111,True
2026-05-03,5,Rental,Auto,0,0,0,0,1,0,0,0,1,0,1,18.0,17.0,,,Bengaluru,Normal,BLR,1.0,True
2026-05-03,5,Rental,Cab,0,0,0,0,1,1,1,2099,0,0,0,20.0,19.0,,,Bengaluru,Normal,BLR,0.0,True
2026-05-03,6,InterCity,Cab,0,0,0,0,14,14,2,3471,12,6,2,48.0,44.0,,,Bengaluru,Normal,BLR,0.8571,True
2026-05-03,6,OneWay,Auto,0,0,0,0,1865,1865,1328,213358,537,273,264,3770.0,1871.0,,,Bengaluru,Normal,BLR,0.2879,True
2026-05-03,6,OneWay,Cab,0,0,0,0,682,674,385,159741,297,132,164,1221.0,749.0,,,Bengaluru,Normal,BLR,0.4355,True
2026-05-03,6,Rental,Auto,0,0,0,0,0,0,0,0,0,0,0,7.0,7.0,,,Bengaluru,Normal,BLR,,True
2026-05-03,6,Rental,Cab,0,0,0,0,7,7,3,6542,4,4,0,14.0,13.0,,,Bengaluru,Normal,BLR,0.5714,True
2026-05-03,7,InterCity,Cab,0,0,0,0,15,14,2,3311,12,4,5,62.0,55.0,,,Bengaluru,Normal,BLR,0.8,True
2026-05-03,7,OneWay,Auto,0,0,0,0,2812,2812,2108,311016,704,373,330,4728.0,2820.0,,,Bengaluru,Normal,BLR,0.2504,True
2026-05-03,7,OneWay,Cab,0,0,0,0,785,774,474,191069,311,149,161,1445.0,907.0,,,Bengaluru,Normal,BLR,0.3962,True
2026-05-03,7,Rental,Auto,0,0,0,0,0,0,0,0,0,0,0,32.0,32.0,,,Bengaluru,Normal,BLR,,True
2026-05-03,7,Rental,Cab,0,0,0,0,9,8,3,3831,6,2,1,43.0,38.0,,,Bengaluru,Normal,BLR,0.6667,True
2026-05-03,8,InterCity,Cab,0,0,0,0,19,14,3,8004,16,5,7,70.0,62.0,,,Bengaluru,Normal,BLR,0.8421,True
2026-05-03,8,OneWay,Auto,0,0,0,0,4233,4233,3205,448323,1028,583,445,6910.0,4254.0,,,Bengaluru,Normal,BLR,0.2429,True
2026-05-03,8,OneWay,Cab,0,0,0,0,1046,1029,631,261051,414,184,230,1808.0,1216.0,,,Bengaluru,Normal,BLR,0.3958,True
2026-05-03,8,Rental,Auto,0,0,0,0,8,7,2,787,6,5,1,30.0,27.0,,,Bengaluru,Normal,BLR,0.75,True
2026-05-03,8,Rental,Cab,0,0,0,0,19,16,6,7736,11,5,4,45.0,39.0,,,Bengaluru,Normal,BLR,0.5789,True
2026-05-03,9,InterCity,Cab,0,0,0,0,8,7,3,5025,5,0,4,90.0,86.0,,,Bengaluru,Normal,BLR,0.625,True
2026-05-03,9,OneWay,Auto,0,0,0,0,5643,5643,4117,564170,1523,879,643,9424.0,5675.0,,,Bengaluru,Normal,BLR,0.2699,True
2026-05-03,9,OneWay,Cab,0,0,0,0,1433,1413,843,341732,583,266,315,2588.0,1639.0,,,Bengaluru,Normal,BLR,0.4068,True
2026-05-03,9,Rental,Auto,0,0,0,0,1,1,1,433,0,0,0,19.0,19.0,,,Bengaluru,Normal,BLR,0.0,True
2026-05-03,9,Rental,Cab,0,0,0,0,17,15,4,6361,12,5,5,37.0,31.0,,,Bengaluru,Normal,BLR,0.7059,True
2026-05-03,10,InterCity,Cab,0,0,0,0,17,17,4,5018,13,8,4,114.0,109.0,,,Bengaluru,Normal,BLR,0.7647,True
2026-05-03,10,OneWay,Auto,0,0,0,0,7344,7344,5240,738656,2051,1123,926,14083.0,7387.0,,,Bengaluru,Normal,BLR,0.2793,True
2026-05-03,10,OneWay,Cab,0,0,0,0,1915,1896,1031,411544,859,390,469,3845.0,2162.0,,,Bengaluru,Normal,BLR,0.4486,True
2026-05-03,10,Rental,Auto,0,0,0,0,5,4,1,834,3,2,0,47.0,46.0,,,Bengaluru,Normal,BLR,0.6,True
2026-05-03,10,Rental,Cab,0,0,0,0,37,32,11,18562,26,12,11,81.0,68.0,,,Bengaluru,Normal,BLR,0.7027,True
2026-05-03,11,InterCity,Cab,0,0,0,0,37,23,2,1671,34,6,20,156.0,135.0,,,Bengaluru,Normal,BLR,0.9189,True
2026-05-03,11,OneWay,Auto,0,0,0,0,9110,9110,6292,907659,2651,1502,1149,16536.0,9149.0,,,Bengaluru,Normal,BLR,0.291,True
2026-05-03,11,OneWay,Cab,0,0,0,0,1899,1884,1116,452230,751,328,422,4339.0,2131.0,,,Bengaluru,Normal,BLR,0.3955,True
2026-05-03,11,Rental,Auto,0,0,0,0,6,7,5,1207,1,1,0,72.0,71.0,,,Bengaluru,Normal,BLR,0.1667,True
2026-05-03,11,Rental,Cab,0,0,0,0,21,17,5,5707,16,8,8,87.0,82.0,,,Bengaluru,Normal,BLR,0.7619,True
2026-05-03,12,InterCity,Cab,0,0,0,0,24,17,4,6152,20,8,8,96.0,83.0,,,Bengaluru,Normal,BLR,0.8333,True
2026-05-03,12,OneWay,Auto,0,0,0,0,9350,9349,6168,881633,2994,1617,1374,18165.0,9468.0,,,Bengaluru,Normal,BLR,0.3202,True
2026-05-03,12,OneWay,Cab,0,0,0,0,1944,1900,1134,472398,773,325,447,4868.0,2230.0,,,Bengaluru,Normal,BLR,0.3976,True
2026-05-03,12,Rental,Auto,0,0,0,0,6,6,1,291,4,4,0,53.0,52.0,,,Bengaluru,Normal,BLR,0.6667,True
2026-05-03,12,Rental,Cab,0,0,0,0,27,26,6,8489,21,11,9,78.0,70.0,,,Bengaluru,Normal,BLR,0.7778,True
2026-05-03,13,InterCity,Cab,0,0,0,0,48,34,6,10773,42,13,19,149.0,124.0,,,Bengaluru,Normal,BLR,0.875,True
2026-05-03,13,OneWay,Auto,0,0,0,0,8834,8834,5959,857177,2775,1480,1293,17786.0,8955.0,,,Bengaluru,Normal,BLR,0.3141,True
2026-05-03,13,OneWay,Cab,0,0,0,0,1795,1767,1022,403453,758,300,454,4242.0,2028.0,,,Bengaluru,Normal,BLR,0.4223,True
2026-05-03,13,Rental,Auto,0,0,0,0,4,2,1,1282,3,1,1,37.0,35.0,,,Bengaluru,Normal,BLR,0.75,True
2026-05-03,13,Rental,Cab,0,0,0,0,23,15,2,2357,20,12,5,57.0,53.0,,,Bengaluru,Normal,BLR,0.8696,True
2026-05-03,14,InterCity,Cab,0,0,0,0,42,38,4,6577,38,17,20,135.0,124.0,,,Bengaluru,Normal,BLR,0.9048,True
2026-05-03,14,OneWay,Auto,0,0,0,0,8692,8692,6068,910026,2572,1215,1355,14184.0,8770.0,,,Bengaluru,Normal,BLR,0.2959,True
2026-05-03,14,OneWay,Cab,0,0,0,0,1869,1852,1099,444187,765,333,431,4209.0,2089.0,,,Bengaluru,Normal,BLR,0.4093,True
2026-05-03,14,Rental,Auto,0,0,0,0,3,2,1,587,2,1,1,42.0,41.0,,,Bengaluru,Normal,BLR,0.6667,True
2026-05-03,14,Rental,Cab,0,0,0,0,27,16,6,4902,20,5,8,66.0,60.0,,,Bengaluru,Normal,BLR,0.7407,True
2026-05-03,15,InterCity,Cab,0,0,0,0,20,15,7,7593,13,5,6,67.0,58.0,,,Bengaluru,Normal,BLR,0.65,True
2026-05-03,15,OneWay,Auto,0,0,0,0,8047,8047,5679,846164,2342,1186,1155,14157.0,8127.0,,,Bengaluru,Normal,BLR,0.291,True
2026-05-03,15,OneWay,Cab,0,0,0,0,2031,1997,1129,460158,890,419,466,4867.0,2259.0,,,Bengaluru,Normal,BLR,0.4382,True
2026-05-03,15,Rental,Auto,0,0,0,0,8,8,3,1265,5,5,0,40.0,39.0,,,Bengaluru,Normal,BLR,0.625,True
2026-05-03,15,Rental,Cab,0,0,0,0,22,16,3,4638,19,7,11,56.0,52.0,,,Bengaluru,Normal,BLR,0.8636,True
2026-05-03,16,InterCity,Cab,0,0,0,0,30,27,3,2252,27,15,12,98.0,86.0,,,Bengaluru,Normal,BLR,0.9,True
2026-05-03,16,OneWay,Auto,0,0,0,0,8394,8393,6036,874413,2326,1197,1129,14213.0,8444.0,,,Bengaluru,Normal,BLR,0.2771,True
2026-05-03,16,OneWay,Cab,0,0,0,0,2068,2030,1059,440240,978,446,528,4842.0,2345.0,,,Bengaluru,Normal,BLR,0.4729,True
2026-05-03,16,Rental,Auto,0,0,0,0,5,5,3,765,2,2,0,42.0,40.0,,,Bengaluru,Normal,BLR,0.4,True
2026-05-03,16,Rental,Cab,0,0,0,0,21,21,8,8890,13,10,3,59.0,54.0,,,Bengaluru,Normal,BLR,0.619,True
2026-05-03,17,InterCity,Cab,0,0,0,0,37,28,4,8625,32,15,14,123.0,107.0,,,Bengaluru,Normal,BLR,0.8649,True
2026-05-03,17,OneWay,Auto,0,0,0,0,9906,9906,6643,1011513,2965,1513,1450,15152.0,9958.0,,,Bengaluru,Normal,BLR,0.2993,True
2026-05-03,17,OneWay,Cab,0,0,0,0,1992,1963,1088,460027,853,426,425,4559.0,2254.0,,,Bengaluru,Normal,BLR,0.4282,True
2026-05-03,17,Rental,Auto,0,0,0,0,19,14,2,636,17,10,2,57.0,51.0,,,Bengaluru,Normal,BLR,0.8947,True
2026-05-03,17,Rental,Cab,0,0,0,0,23,17,3,2692,19,12,4,63.0,56.0,,,Bengaluru,Normal,BLR,0.8261,True
2026-05-03,18,InterCity,Cab,0,0,0,0,38,20,5,5314,33,9,18,134.0,115.0,,,Bengaluru,Normal,BLR,0.8684,True
2026-05-03,18,OneWay,Auto,0,0,0,0,10355,10355,6972,1018918,3147,1625,1519,16581.0,10414.0,,,Bengaluru,Normal,BLR,0.3039,True
2026-05-03,18,OneWay,Cab,0,0,0,0,1958,1917,1056,441614,871,428,438,4656.0,2267.0,,,Bengaluru,Normal,BLR,0.4448,True
2026-05-03,18,Rental,Auto,0,0,0,0,9,8,3,1416,6,4,1,31.0,30.0,,,Bengaluru,Normal,BLR,0.6667,True
2026-05-03,18,Rental,Cab,0,0,0,0,10,8,5,4669,5,3,0,34.0,32.0,,,Bengaluru,Normal,BLR,0.5,True
2026-05-03,19,InterCity,Cab,0,0,0,0,18,12,2,3162,16,6,3,89.0,81.0,,,Bengaluru,Normal,BLR,0.8889,True
2026-05-03,19,OneWay,Auto,0,0,0,0,10582,10582,6765,994559,3620,1926,1689,20604.0,10649.0,,,Bengaluru,Normal,BLR,0.3421,True
2026-05-03,19,OneWay,Cab,0,0,0,0,2032,1997,1040,402382,960,478,479,5442.0,2306.0,,,Bengaluru,Normal,BLR,0.4724,True
2026-05-03,19,Rental,Auto,0,0,0,0,2,2,2,586,0,0,0,12.0,11.0,,,Bengaluru,Normal,BLR,0.0,True
2026-05-03,19,Rental,Cab,0,0,0,0,11,10,5,4278,6,4,2,22.0,21.0,,,Bengaluru,Normal,BLR,0.5455,True
2026-05-03,20,InterCity,Cab,0,0,0,0,15,12,2,2963,12,4,7,77.0,71.0,,,Bengaluru,Normal,BLR,0.8,True
2026-05-03,20,OneWay,Auto,0,0,0,0,8277,8277,5323,798545,2875,1480,1390,17501.0,8328.0,,,Bengaluru,Normal,BLR,0.3473,True
2026-05-03,20,OneWay,Cab,0,0,0,0,1768,1678,966,416260,780,342,432,4443.0,2152.0,,,Bengaluru,Normal,BLR,0.4412,True
2026-05-03,20,Rental,Auto,0,0,0,0,2,2,1,2318,1,1,0,8.0,8.0,,,Bengaluru,Normal,BLR,0.5,True
2026-05-03,20,Rental,Cab,0,0,0,0,0,0,0,0,0,0,0,6.0,6.0,,,Bengaluru,Normal,BLR,,True
2026-05-03,21,InterCity,Cab,0,0,0,0,17,17,5,9711,11,4,6,95.0,91.0,,,Bengaluru,Normal,BLR,0.6471,True
2026-05-03,21,OneWay,Auto,0,0,0,0,6357,6357,4025,629684,2319,1257,1061,17522.0,6381.0,,,Bengaluru,Normal,BLR,0.3648,True
2026-05-03,21,OneWay,Cab,0,0,0,0,1915,1850,995,407117,913,423,487,5461.0,2251.0,,,Bengaluru,Normal,BLR,0.4768,True
2026-05-03,21,Rental,Auto,0,0,0,0,0,0,0,0,0,0,0,5.0,5.0,,,Bengaluru,Normal,BLR,,True
2026-05-03,21,Rental,Cab,0,0,0,0,4,4,0,0,4,2,2,11.0,10.0,,,Bengaluru,Normal,BLR,1.0,True
2026-05-03,22,InterCity,Cab,0,0,0,0,4,3,0,0,4,2,2,51.0,50.0,,,Bengaluru,Normal,BLR,1.0,True
2026-05-03,22,OneWay,Auto,0,0,0,0,4079,4079,2570,482945,1509,705,803,7692.0,4105.0,,,Bengaluru,Normal,BLR,0.3699,True
2026-05-03,22,OneWay,Cab,0,0,0,0,1978,1886,962,413235,1005,448,550,6219.0,2363.0,,,Bengaluru,Normal,BLR,0.5081,True
2026-05-03,22,Rental,Auto,0,0,0,0,0,0,0,0,0,0,0,3.0,3.0,,,Bengaluru,Normal,BLR,,True
2026-05-03,22,Rental,Cab,0,0,0,0,5,5,2,1256,3,2,0,8.0,8.0,,,Bengaluru,Normal,BLR,0.6,True
2026-05-03,23,InterCity,Cab,0,0,0,0,1,0,0,0,1,0,0,30.0,30.0,,,Bengaluru,Normal,BLR,1.0,True
2026-05-03,23,OneWay,Auto,0,0,0,0,1710,1710,1063,187056,646,272,351,2679.0,1737.0,,,Bengaluru,Normal,BLR,0.3778,True
2026-05-03,23,OneWay,Cab,0,0,0,0,1287,1111,605,247961,654,209,369,3237.0,1779.0,,,Bengaluru,Normal,BLR,0.5082,True
2026-05-03,23,Rental,Auto,0,0,0,0,0,0,0,0,0,0,0,8.0,8.0,,,Bengaluru,Normal,BLR,,True
2026-05-03,23,Rental,Cab,0,0,0,0,8,4,0,0,8,2,0,16.0,14.0,,,Bengaluru,Normal,BLR,1.0,True
2026-05-09,0,InterCity,Cab,0,0,0,0,9,7,2,3922,7,0,6,37.0,33.0,,,Bengaluru,Normal,BLR,0.7778,True
2026-05-09,0,OneWay,Auto,0,0,0,0,1065,1065,614,109477,451,222,229,1702.0,1093.0,,,Bengaluru,Normal,BLR,0.4235,True
2026-05-09,0,OneWay,Cab,0,0,0,0,726,678,403,188449,317,101,216,1416.0,1087.0,,,Bengaluru,Normal,BLR,0.4366,True
2026-05-09,0,Rental,Auto,0,0,0,0,0,0,0,0,0,0,0,2.0,2.0,,,Bengaluru,Normal,BLR,,True
2026-05-09,0,Rental,Cab,0,0,0,0,0,0,0,0,0,0,0,2.0,2.0,,,Bengaluru,Normal,BLR,,True
2026-05-09,1,InterCity,Cab,0,0,0,0,10,7,3,6352,7,0,7,21.0,20.0,,,Bengaluru,Normal,BLR,0.7,True
2026-05-09,1,OneWay,Auto,0,0,0,0,629,629,383,75679,246,118,128,1080.0,634.0,,,Bengaluru,Normal,BLR,0.3911,True
2026-05-09,1,OneWay,Cab,0,0,0,0,475,422,259,156775,209,46,163,1062.0,772.0,,,Bengaluru,Normal,BLR,0.44,True
2026-05-09,1,Rental,Auto,0,0,0,0,1,1,0,0,1,0,1,3.0,2.0,,,Bengaluru,Normal,BLR,1.0,True
2026-05-09,1,Rental,Cab,0,0,0,0,0,0,0,0,0,0,0,2.0,2.0,,,Bengaluru,Normal,BLR,,True
2026-05-09,2,InterCity,Cab,0,0,0,0,1,1,0,0,1,0,1,8.0,8.0,,,Bengaluru,Normal,BLR,1.0,True
2026-05-09,2,OneWay,Auto,0,0,0,0,228,228,133,24864,95,29,66,316.0,232.0,,,Bengaluru,Normal,BLR,0.4167,True
2026-05-09,2,OneWay,Cab,0,0,0,0,211,208,124,51834,87,19,68,442.0,375.0,,,Bengaluru,Normal,BLR,0.4123,True
2026-05-09,2,Rental,Auto,0,0,0,0,0,0,0,0,0,0,0,1.0,1.0,,,Bengaluru,Normal,BLR,,True
2026-05-09,2,Rental,Cab,0,0,0,0,0,0,0,0,0,0,0,1.0,1.0,,,Bengaluru,Normal,BLR,,True
2026-05-09,3,InterCity,Cab,0,0,0,0,3,3,0,0,3,3,0,4.0,4.0,,,Bengaluru,Normal,BLR,1.0,True
2026-05-09,3,OneWay,Auto,0,0,0,0,185,185,111,21364,74,30,44,287.0,187.0,,,Bengaluru,Normal,BLR,0.4,True
2026-05-09,3,OneWay,Cab,0,0,0,0,258,251,157,79551,99,25,74,477.0,405.0,,,Bengaluru,Normal,BLR,0.3837,True
2026-05-09,3,Rental,Auto,0,0,0,0,1,1,0,0,1,0,1,6.0,5.0,,,Bengaluru,Normal,BLR,1.0,True
2026-05-09,3,Rental,Cab,0,0,0,0,1,1,0,0,1,0,1,6.0,5.0,,,Bengaluru,Normal,BLR,1.0,True
2026-05-09,4,InterCity,Cab,0,0,0,0,0,0,0,0,0,0,0,3.0,3.0,,,Bengaluru,Normal,BLR,,True
2026-05-09,4,OneWay,Auto,0,0,0,0,347,347,239,44910,108,48,60,526.0,352.0,,,Bengaluru,Normal,BLR,0.3112,True
2026-05-09,4,OneWay,Cab,0,0,0,0,449,442,250,126954,198,58,140,731.0,555.0,,,Bengaluru,Normal,BLR,0.441,True
2026-05-09,4,Rental,Auto,0,0,0,0,2,2,1,2398,1,0,1,3.0,3.0,,,Bengaluru,Normal,BLR,0.5,True
2026-05-09,4,Rental,Cab,0,0,0,0,0,0,0,0,0,0,0,1.0,1.0,,,Bengaluru,Normal,BLR,,True
2026-05-09,5,InterCity,Cab,0,0,0,0,3,2,1,3005,2,0,1,20.0,19.0,,,Bengaluru,Normal,BLR,0.6667,True
2026-05-09,5,OneWay,Auto,0,0,0,0,977,977,658,113576,319,158,161,1844.0,983.0,,,Bengaluru,Normal,BLR,0.3265,True
2026-05-09,5,OneWay,Cab,0,0,0,0,433,429,269,124957,163,27,136,664.0,506.0,,,Bengaluru,Normal,BLR,0.3764,True
2026-05-09,5,Rental,Auto,0,0,0,0,0,0,0,0,0,0,0,4.0,4.0,,,Bengaluru,Normal,BLR,,True
2026-05-09,5,Rental,Cab,0,0,0,0,0,0,0,0,0,0,0,4.0,4.0,,,Bengaluru,Normal,BLR,,True
2026-05-09,6,InterCity,Cab,0,0,0,0,7,7,1,2029,5,1,4,26.0,24.0,,,Bengaluru,Normal,BLR,0.7143,True
2026-05-09,6,OneWay,Auto,0,0,0,0,1685,1685,1244,192813,440,232,208,2719.0,1691.0,,,Bengaluru,Normal,BLR,0.2611,True
2026-05-09,6,OneWay,Cab,0,0,0,0,602,601,358,160232,244,72,172,911.0,684.0,,,Bengaluru,Normal,BLR,0.4053,True
2026-05-09,6,Rental,Auto,0,0,0,0,1,1,1,118,0,0,0,7.0,7.0,,,Bengaluru,Normal,BLR,0.0,True
2026-05-09,6,Rental,Cab,0,0,0,0,0,0,0,0,0,0,0,6.0,6.0,,,Bengaluru,Normal,BLR,,True
2026-05-09,7,InterCity,Cab,0,0,0,0,18,16,2,2954,16,9,6,61.0,55.0,,,Bengaluru,Normal,BLR,0.8889,True
2026-05-09,7,OneWay,Auto,0,0,0,0,3375,3375,2594,382575,781,407,374,4572.0,3400.0,,,Bengaluru,Normal,BLR,0.2314,True
2026-05-09,7,OneWay,Cab,0,0,0,0,717,711,450,182560,266,99,166,1107.0,837.0,,,Bengaluru,Normal,BLR,0.371,True
2026-05-09,7,Rental,Auto,0,0,0,0,2,1,1,59,1,0,1,13.0,13.0,,,Bengaluru,Normal,BLR,0.5,True
2026-05-09,7,Rental,Cab,0,0,0,0,4,4,3,3851,1,1,0,15.0,15.0,,,Bengaluru,Normal,BLR,0.25,True
2026-05-09,8,InterCity,Cab,0,0,0,0,17,10,4,6055,13,3,8,63.0,54.0,,,Bengaluru,Normal,BLR,0.7647,True
2026-05-09,8,OneWay,Auto,0,0,0,0,5518,5517,4169,584802,1336,717,619,7706.0,5547.0,,,Bengaluru,Normal,BLR,0.2421,True
2026-05-09,8,OneWay,Cab,0,0,0,0,904,897,565,225318,327,144,183,1451.0,1075.0,,,Bengaluru,Normal,BLR,0.3617,True
2026-05-09,8,Rental,Auto,0,0,0,0,6,6,2,971,4,2,2,33.0,31.0,,,Bengaluru,Normal,BLR,0.6667,True
2026-05-09,8,Rental,Cab,0,0,0,0,25,24,6,11549,17,11,5,55.0,49.0,,,Bengaluru,Normal,BLR,0.68,True
2026-05-09,9,InterCity,Cab,0,0,0,0,31,28,6,17313,25,9,15,112.0,102.0,,,Bengaluru,Normal,BLR,0.8065,True
2026-05-09,9,OneWay,Auto,0,0,0,0,7110,7109,5257,699409,1632,829,801,10010.0,7148.0,,,Bengaluru,Normal,BLR,0.2295,True
2026-05-09,9,OneWay,Cab,0,0,0,0,1192,1177,723,271614,443,164,278,1821.0,1373.0,,,Bengaluru,Normal,BLR,0.3716,True
2026-05-09,9,Rental,Auto,0,0,0,0,12,12,8,4308,4,3,1,34.0,32.0,,,Bengaluru,Normal,BLR,0.3333,True
2026-05-09,9,Rental,Cab,0,0,0,0,16,16,5,8635,11,4,7,40.0,37.0,,,Bengaluru,Normal,BLR,0.6875,True
2026-05-09,10,InterCity,Cab,0,0,0,0,45,37,8,19814,34,17,17,139.0,130.0,,,Bengaluru,Normal,BLR,0.7556,True
2026-05-09,10,OneWay,Auto,0,0,0,0,8666,8665,6288,826678,2135,1233,901,12944.0,8705.0,,,Bengaluru,Normal,BLR,0.2464,True
2026-05-09,10,OneWay,Cab,0,0,0,0,1779,1773,1031,393864,700,308,391,2864.0,1934.0,,,Bengaluru,Normal,BLR,0.3935,True
2026-05-09,10,Rental,Auto,0,0,0,0,5,5,3,1438,2,1,1,33.0,32.0,,,Bengaluru,Normal,BLR,0.4,True
2026-05-09,10,Rental,Cab,0,0,0,0,14,14,9,12492,5,2,3,46.0,42.0,,,Bengaluru,Normal,BLR,0.3571,True
2026-05-09,11,InterCity,Cab,0,0,0,0,38,36,11,21045,27,11,15,131.0,119.0,,,Bengaluru,Normal,BLR,0.7105,True
2026-05-09,11,OneWay,Auto,0,0,0,0,10782,10778,7463,1025126,2964,1628,1333,16220.0,10840.0,,,Bengaluru,Normal,BLR,0.2749,True
2026-05-09,11,OneWay,Cab,0,0,0,0,1834,1821,1064,399044,692,293,399,3371.0,2060.0,,,Bengaluru,Normal,BLR,0.3773,True
2026-05-09,11,Rental,Auto,0,0,0,0,9,9,3,1004,4,2,2,37.0,32.0,,,Bengaluru,Normal,BLR,0.4444,True
2026-05-09,11,Rental,Cab,0,0,0,0,14,14,6,7487,8,4,3,43.0,39.0,,,Bengaluru,Normal,BLR,0.5714,True
2026-05-09,12,InterCity,Cab,0,0,0,0,12,12,4,7785,8,2,6,79.0,73.0,,,Bengaluru,Normal,BLR,0.6667,True
2026-05-09,12,OneWay,Auto,0,0,0,0,11334,11332,7305,1015613,3419,1836,1582,18760.0,11398.0,,,Bengaluru,Normal,BLR,0.3017,True
2026-05-09,12,OneWay,Cab,0,0,0,0,1960,1945,1051,391836,808,343,464,3969.0,2157.0,,,Bengaluru,Normal,BLR,0.4122,True
2026-05-09,12,Rental,Auto,0,0,0,0,8,7,1,190,5,4,0,33.0,31.0,,,Bengaluru,Normal,BLR,0.625,True
2026-05-09,12,Rental,Cab,0,0,0,0,15,14,9,13123,6,5,1,42.0,39.0,,,Bengaluru,Normal,BLR,0.4,True
2026-05-09,13,InterCity,Cab,0,0,0,0,17,14,3,5660,14,2,10,89.0,82.0,,,Bengaluru,Normal,BLR,0.8235,True
2026-05-09,13,OneWay,Auto,0,0,0,0,11350,11350,7241,1010732,3585,1937,1646,20645.0,11446.0,,,Bengaluru,Normal,BLR,0.3159,True
2026-05-09,13,OneWay,Cab,0,0,0,0,1890,1863,1018,390826,804,341,462,3868.0,2080.0,,,Bengaluru,Normal,BLR,0.4254,True
2026-05-09,13,Rental,Auto,0,0,0,0,7,7,2,378,4,2,2,31.0,31.0,,,Bengaluru,Normal,BLR,0.5714,True
2026-05-09,13,Rental,Cab,0,0,0,0,22,19,5,4663,17,8,8,49.0,43.0,,,Bengaluru,Normal,BLR,0.7727,True
2026-05-09,14,InterCity,Cab,0,0,0,0,33,29,8,18834,25,8,16,135.0,120.0,,,Bengaluru,Normal,BLR,0.7576,True
2026-05-09,14,OneWay,Auto,0,0,0,0,10572,10571,7129,1043391,3139,1507,1631,15946.0,10629.0,,,Bengaluru,Normal,BLR,0.2969,True
2026-05-09,14,OneWay,Cab,0,0,0,0,1768,1743,968,355300,739,311,428,3499.0,2030.0,,,Bengaluru,Normal,BLR,0.418,True
2026-05-09,14,Rental,Auto,0,0,0,0,6,3,2,590,4,1,3,24.0,22.0,,,Bengaluru,Normal,BLR,0.6667,True
2026-05-09,14,Rental,Cab,0,0,0,0,17,17,2,2627,14,10,4,35.0,34.0,,,Bengaluru,Normal,BLR,0.8235,True
2026-05-09,15,InterCity,Cab,0,0,0,0,15,14,4,6006,11,4,7,118.0,112.0,,,Bengaluru,Normal,BLR,0.7333,True
2026-05-09,15,OneWay,Auto,0,0,0,0,10140,10140,6717,942756,2851,1458,1389,16267.0,10202.0,,,Bengaluru,Normal,BLR,0.2812,True
2026-05-09,15,OneWay,Cab,0,0,0,0,1961,1945,992,379744,863,379,484,4153.0,2197.0,,,Bengaluru,Normal,BLR,0.4401,True
2026-05-09,15,Rental,Auto,0,0,0,0,5,4,0,0,4,1,2,44.0,42.0,,,Bengaluru,Normal,BLR,0.8,True
2026-05-09,15,Rental,Cab,0,0,0,0,14,11,5,4115,9,4,5,53.0,47.0,,,Bengaluru,Normal,BLR,0.6429,True
2026-05-09,16,InterCity,Cab,0,0,0,0,32,29,4,6820,28,17,9,109.0,101.0,,,Bengaluru,Normal,BLR,0.875,True
2026-05-09,16,OneWay,Auto,0,0,0,0,11121,11119,7209,1047851,3192,1640,1550,17920.0,11185.0,,,Bengaluru,Normal,BLR,0.287,True
2026-05-09,16,OneWay,Cab,0,0,0,0,2140,2122,1051,396839,1005,486,519,4791.0,2386.0,,,Bengaluru,Normal,BLR,0.4696,True
2026-05-09,16,Rental,Auto,0,0,0,0,10,9,4,1450,6,3,3,33.0,30.0,,,Bengaluru,Normal,BLR,0.6,True
2026-05-09,16,Rental,Cab,0,0,0,0,15,14,2,1153,13,8,4,39.0,35.0,,,Bengaluru,Normal,BLR,0.8667,True
2026-05-09,17,InterCity,Cab,0,0,0,0,15,13,3,8650,12,3,8,79.0,74.0,,,Bengaluru,Normal,BLR,0.8,True
2026-05-09,17,OneWay,Auto,0,0,0,0,13791,13789,9087,1359789,4327,2145,2178,21982.0,13879.0,,,Bengaluru,Normal,BLR,0.3138,True
2026-05-09,17,OneWay,Cab,0,0,0,0,2496,2453,1320,526951,1147,554,590,5762.0,2784.0,,,Bengaluru,Normal,BLR,0.4595,True
2026-05-09,17,Rental,Auto,0,0,0,0,19,13,4,519,14,6,2,47.0,41.0,,,Bengaluru,Normal,BLR,0.7368,True
2026-05-09,17,Rental,Cab,0,0,0,0,8,6,4,4943,4,2,2,39.0,37.0,,,Bengaluru,Normal,BLR,0.5,True
2026-05-09,18,InterCity,Cab,0,0,0,0,13,12,7,10110,6,3,2,123.0,115.0,,,Bengaluru,Normal,BLR,0.4615,True
2026-05-09,18,OneWay,Auto,0,0,0,0,15451,15450,9790,1513303,5619,3098,2519,37495.0,15556.0,,,Bengaluru,Normal,BLR,0.3637,True
2026-05-09,18,OneWay,Cab,0,0,0,0,2920,2856,1470,581013,1420,723,697,11083.0,3258.0,,,Bengaluru,Normal,BLR,0.4863,True
2026-05-09,18,Rental,Auto,0,0,0,0,12,5,0,0,12,3,6,41.0,39.0,,,Bengaluru,Normal,BLR,1.0,True
2026-05-09,18,Rental,Cab,0,0,0,0,26,14,7,5911,19,3,8,57.0,49.0,,,Bengaluru,Normal,BLR,0.7308,True
2026-05-09,19,InterCity,Cab,0,0,0,0,16,15,2,3713,13,4,8,82.0,78.0,,,Bengaluru,Normal,BLR,0.8125,True
2026-05-09,19,OneWay,Auto,0,0,0,0,13278,13277,8055,1255699,4976,2754,2221,35782.0,13357.0,,,Bengaluru,Normal,BLR,0.3748,True
2026-05-09,19,OneWay,Cab,0,0,0,0,2505,2464,1219,477731,1238,623,615,9398.0,2817.0,,,Bengaluru,Normal,BLR,0.4942,True
2026-05-09,19,Rental,Auto,0,0,0,0,4,2,0,0,4,0,3,28.0,27.0,,,Bengaluru,Normal,BLR,1.0,True
2026-05-09,19,Rental,Cab,0,0,0,0,24,12,5,4597,18,5,8,49.0,43.0,,,Bengaluru,Normal,BLR,0.75,True
2026-05-09,20,InterCity,Cab,0,0,0,0,10,10,2,2662,8,1,7,105.0,100.0,,,Bengaluru,Normal,BLR,0.8,True
2026-05-09,20,OneWay,Auto,0,0,0,0,10243,10242,6239,950607,3780,2032,1746,19412.0,10317.0,,,Bengaluru,Normal,BLR,0.369,True
2026-05-09,20,OneWay,Cab,0,0,0,0,2220,2162,1149,451372,1038,456,582,4894.0,2629.0,,,Bengaluru,Normal,BLR,0.4676,True
2026-05-09,20,Rental,Auto,0,0,0,0,2,0,0,0,2,0,0,10.0,10.0,,,Bengaluru,Normal,BLR,1.0,True
2026-05-09,20,Rental,Cab,0,0,0,0,18,16,2,1927,14,9,3,26.0,23.0,,,Bengaluru,Normal,BLR,0.7778,True
2026-05-09,21,InterCity,Cab,0,0,0,0,34,31,4,4226,29,12,16,108.0,96.0,,,Bengaluru,Normal,BLR,0.8529,True
2026-05-09,21,OneWay,Auto,0,0,0,0,6822,6822,4268,642956,2546,1353,1189,12966.0,6890.0,,,Bengaluru,Normal,BLR,0.3732,True
2026-05-09,21,OneWay,Cab,0,0,0,0,2184,2155,1203,436326,974,435,538,4168.0,2589.0,,,Bengaluru,Normal,BLR,0.446,True
2026-05-09,21,Rental,Auto,0,0,0,0,1,1,1,90,0,0,0,11.0,11.0,,,Bengaluru,Normal,BLR,0.0,True
2026-05-09,21,Rental,Cab,0,0,0,0,3,3,0,0,3,1,2,19.0,18.0,,,Bengaluru,Normal,BLR,1.0,True
2026-05-09,22,InterCity,Cab,0,0,0,0,4,4,0,0,3,0,3,50.0,48.0,,,Bengaluru,Normal,BLR,0.75,True
2026-05-09,22,OneWay,Auto,0,0,0,0,2627,2627,1599,279699,1013,437,572,3853.0,2757.0,,,Bengaluru,Normal,BLR,0.3856,True
2026-05-09,22,OneWay,Cab,0,0,0,0,1454,1422,727,283013,718,316,391,3208.0,1835.0,,,Bengaluru,Normal,BLR,0.4938,True
2026-05-09,22,Rental,Auto,0,0,0,0,0,0,0,0,0,0,0,11.0,11.0,,,Bengaluru,Normal,BLR,,True
2026-05-09,22,Rental,Cab,0,0,0,0,0,0,0,0,0,0,0,12.0,12.0,,,Bengaluru,Normal,BLR,,True
2026-05-09,23,InterCity,Cab,0,0,0,0,7,3,1,2152,6,0,5,27.0,25.0,,,Bengaluru,Normal,BLR,0.8571,True
2026-05-09,23,OneWay,Auto,0,0,0,0,1956,1956,1216,222023,733,303,404,2510.0,1972.0,,,Bengaluru,Normal,BLR,0.3747,True
2026-05-09,23,OneWay,Cab,0,0,0,0,1317,1242,686,294057,614,217,353,2697.0,1686.0,,,Bengaluru,Normal,BLR,0.4662,True
2026-05-09,23,Rental,Auto,0,0,0,0,0,0,0,0,0,0,0,3.0,3.0,,,Bengaluru,Normal,BLR,,True
2026-05-09,23,Rental,Cab,0,0,0,0,2,2,0,0,2,1,1,5.0,5.0,,,Bengaluru,Normal,BLR,1.0,True
2026-05-10,0,InterCity,Cab,0,0,0,0,5,5,1,1358,4,2,2,30.0,29.0,,,Bengaluru,Normal,BLR,0.8,False
2026-05-10,0,OneWay,Auto,0,0,0,0,1327,1327,730,132166,597,294,303,2141.0,1345.0,,,Bengaluru,Normal,BLR,0.4499,False
2026-05-10,0,OneWay,Cab,0,0,0,0,954,895,461,226501,484,174,310,2210.0,1402.0,,,Bengaluru,Normal,BLR,0.5073,False
2026-05-10,0,Rental,Auto,0,0,0,0,0,0,0,0,0,0,0,19.0,19.0,,,Bengaluru,Normal,BLR,,False
2026-05-10,0,Rental,Cab,0,0,0,0,2,2,0,0,2,1,1,22.0,21.0,,,Bengaluru,Normal,BLR,1.0,False
2026-05-10,1,InterCity,Cab,0,0,0,0,0,0,0,0,0,0,0,10.0,10.0,,,Bengaluru,Normal,BLR,,False
2026-05-10,1,OneWay,Auto,0,0,0,0,936,936,497,102531,439,238,201,2157.0,959.0,,,Bengaluru,Normal,BLR,0.469,False
2026-05-10,1,OneWay,Cab,0,0,0,0,676,623,322,187268,341,107,234,2025.0,1008.0,,,Bengaluru,Normal,BLR,0.5044,False
2026-05-10,1,Rental,Auto,0,0,0,0,0,0,0,0,0,0,0,8.0,8.0,,,Bengaluru,Normal,BLR,,False
2026-05-10,1,Rental,Cab,0,0,0,0,7,6,2,4403,5,3,0,17.0,16.0,,,Bengaluru,Normal,BLR,0.7143,False
2026-05-10,2,InterCity,Cab,0,0,0,0,1,1,1,3134,0,0,0,4.0,4.0,,,Bengaluru,Normal,BLR,0.0,False
2026-05-10,2,OneWay,Auto,0,0,0,0,261,261,158,27830,103,35,68,396.0,264.0,,,Bengaluru,Normal,BLR,0.3946,False
2026-05-10,2,OneWay,Cab,0,0,0,0,299,280,169,93896,129,31,98,594.0,520.0,,,Bengaluru,Normal,BLR,0.4314,False
2026-05-10,2,Rental,Auto,0,0,0,0,0,0,0,0,0,0,0,2.0,2.0,,,Bengaluru,Normal,BLR,,False
2026-05-10,2,Rental,Cab,0,0,0,0,0,0,0,0,0,0,0,2.0,2.0,,,Bengaluru,Normal,BLR,,False
2026-05-10,3,InterCity,Cab,0,0,0,0,0,0,0,0,0,0,0,5.0,5.0,,,Bengaluru,Normal,BLR,,False
2026-05-10,3,OneWay,Auto,0,0,0,0,224,224,135,23516,89,40,49,327.0,232.0,,,Bengaluru,Normal,BLR,0.3973,False
2026-05-10,3,OneWay,Cab,0,0,0,0,238,233,132,54848,105,36,69,449.0,353.0,,,Bengaluru,Normal,BLR,0.4412,False
2026-05-10,3,Rental,Cab,0,0,0,0,2,2,1,916,1,1,0,2.0,2.0,,,Bengaluru,Normal,BLR,0.5,False
2026-05-10,4,InterCity,Cab,0,0,0,0,6,6,0,0,6,0,6,13.0,10.0,,,Bengaluru,Normal,BLR,1.0,False
2026-05-10,4,OneWay,Auto,0,0,0,0,384,384,245,50638,139,69,70,587.0,387.0,,,Bengaluru,Normal,BLR,0.362,False
2026-05-10,4,OneWay,Cab,0,0,0,0,413,408,250,104772,162,58,103,859.0,508.0,,,Bengaluru,Normal,BLR,0.3923,False
2026-05-10,4,Rental,Auto,0,0,0,0,1,1,1,481,0,0,0,2.0,1.0,,,Bengaluru,Normal,BLR,0.0,False
2026-05-10,4,Rental,Cab,0,0,0,0,1,1,1,1649,0,0,0,2.0,2.0,,,Bengaluru,Normal,BLR,0.0,False
2026-05-10,5,InterCity,Cab,0,0,0,0,4,3,2,8867,2,1,1,19.0,18.0,,,Bengaluru,Normal,BLR,0.5,False
2026-05-10,5,OneWay,Auto,0,0,0,0,956,956,691,117792,265,145,119,1967.0,959.0,,,Bengaluru,Normal,BLR,0.2772,False
2026-05-10,5,OneWay,Cab,0,0,0,0,411,410,262,110233,149,65,84,725.0,480.0,,,Bengaluru,Normal,BLR,0.3625,False
2026-05-10,5,Rental,Auto,0,0,0,0,2,1,0,0,2,1,0,3.0,3.0,,,Bengaluru,Normal,BLR,1.0,False
2026-05-10,5,Rental,Cab,0,0,0,0,0,0,0,0,0,0,0,1.0,1.0,,,Bengaluru,Normal,BLR,,False
2026-05-10,6,InterCity,Cab,0,0,0,0,10,10,1,2003,9,6,3,29.0,26.0,,,Bengaluru,Normal,BLR,0.9,False
2026-05-10,6,OneWay,Auto,0,0,0,0,1948,1948,1403,216366,545,281,264,3591.0,1961.0,,,Bengaluru,Normal,BLR,0.2798,False
2026-05-10,6,OneWay,Cab,0,0,0,0,597,595,359,144571,238,100,138,1007.0,673.0,,,Bengaluru,Normal,BLR,0.3987,False
2026-05-10,6,Rental,Auto,0,0,0,0,4,4,1,235,3,3,0,21.0,21.0,,,Bengaluru,Normal,BLR,0.75,False
2026-05-10,6,Rental,Cab,0,0,0,0,14,10,3,3579,10,4,4,31.0,25.0,,,Bengaluru,Normal,BLR,0.7143,False
2026-05-10,7,InterCity,Cab,0,0,0,0,17,10,1,405,16,3,11,52.0,39.0,,,Bengaluru,Normal,BLR,0.9412,False
2026-05-10,7,OneWay,Auto,0,0,0,0,2841,2841,2138,310522,703,392,311,4445.0,2853.0,,,Bengaluru,Normal,BLR,0.2474,False
2026-05-10,7,OneWay,Cab,0,0,0,0,661,658,413,165194,248,93,155,1102.0,738.0,,,Bengaluru,Normal,BLR,0.3752,False
2026-05-10,7,Rental,Auto,0,0,0,0,2,2,1,360,1,0,1,11.0,11.0,,,Bengaluru,Normal,BLR,0.5,False
2026-05-10,7,Rental,Cab,0,0,0,0,16,8,2,1924,14,2,8,27.0,22.0,,,Bengaluru,Normal,BLR,0.875,False
2026-05-10,8,InterCity,Cab,0,0,0,0,21,18,7,10474,14,4,9,74.0,65.0,,,Bengaluru,Normal,BLR,0.6667,False
2026-05-10,8,OneWay,Auto,0,0,0,0,4256,4256,3132,440553,1123,596,526,6852.0,4293.0,,,Bengaluru,Normal,BLR,0.2639,False
2026-05-10,8,OneWay,Cab,0,0,0,0,894,889,550,223513,344,135,208,1478.0,1047.0,,,Bengaluru,Normal,BLR,0.3848,False
2026-05-10,8,Rental,Auto,0,0,0,0,0,0,0,0,0,0,0,24.0,24.0,,,Bengaluru,Normal,BLR,,False
2026-05-10,8,Rental,Cab,0,0,0,0,21,16,5,5474,14,8,4,45.0,38.0,,,Bengaluru,Normal,BLR,0.6667,False
2026-05-10,9,InterCity,Cab,0,0,0,0,26,27,4,6475,22,7,13,107.0,101.0,,,Bengaluru,Normal,BLR,0.8462,False
2026-05-10,9,OneWay,Auto,0,0,0,0,5493,5493,4097,547366,1390,738,652,8466.0,5515.0,,,Bengaluru,Normal,BLR,0.253,False
2026-05-10,9,OneWay,Cab,0,0,0,0,1114,1110,713,281564,400,178,222,1879.0,1332.0,,,Bengaluru,Normal,BLR,0.3591,False
2026-05-10,9,Rental,Auto,0,0,0,0,10,10,1,148,9,9,0,32.0,30.0,,,Bengaluru,Normal,BLR,0.9,False
2026-05-10,9,Rental,Cab,0,0,0,0,15,13,3,1998,9,3,5,37.0,34.0,,,Bengaluru,Normal,BLR,0.6,False
2026-05-10,10,InterCity,Cab,0,0,0,0,12,11,2,2681,8,4,4,82.0,77.0,,,Bengaluru,Normal,BLR,0.6667,False
2026-05-10,10,OneWay,Auto,0,0,0,0,6726,6724,5011,680381,1701,937,763,11224.0,6754.0,,,Bengaluru,Normal,BLR,0.2529,False
2026-05-10,10,OneWay,Cab,0,0,0,0,1587,1576,965,342080,613,262,351,2707.0,1776.0,,,Bengaluru,Normal,BLR,0.3863,False
2026-05-10,10,Rental,Auto,0,0,0,0,6,5,4,974,2,1,0,41.0,40.0,,,Bengaluru,Normal,BLR,0.3333,False
2026-05-10,10,Rental,Cab,0,0,0,0,36,35,4,2851,29,17,10,71.0,63.0,,,Bengaluru,Normal,BLR,0.8056,False
2026-05-10,11,InterCity,Cab,0,0,0,0,11,11,1,2115,7,2,3,96.0,92.0,,,Bengaluru,Normal,BLR,0.6364,False
2026-05-10,11,OneWay,Auto,0,0,0,0,8812,8812,6236,890360,2504,1332,1171,14567.0,8877.0,,,Bengaluru,Normal,BLR,0.2842,False
2026-05-10,11,OneWay,Cab,0,0,0,0,1888,1878,1109,421505,759,346,413,3690.0,2138.0,,,Bengaluru,Normal,BLR,0.402,False
2026-05-10,11,Rental,Auto,0,0,0,0,6,6,4,1216,2,2,0,35.0,34.0,,,Bengaluru,Normal,BLR,0.3333,False
2026-05-10,11,Rental,Cab,0,0,0,0,27,23,2,1754,22,10,8,60.0,54.0,,,Bengaluru,Normal,BLR,0.8148,False
2026-05-10,12,InterCity,Cab,0,0,0,0,22,21,3,5285,16,4,12,97.0,90.0,,,Bengaluru,Normal,BLR,0.7273,False
2026-05-10,12,OneWay,Auto,0,0,0,0,9883,9870,6549,937255,3129,1707,1421,19119.0,9948.0,,,Bengaluru,Normal,BLR,0.3166,False
2026-05-10,12,OneWay,Cab,0,0,0,0,2031,2007,1121,446504,848,353,495,4830.0,2286.0,,,Bengaluru,Normal,BLR,0.4175,False
2026-05-10,12,Rental,Auto,0,0,0,0,5,5,2,485,2,2,0,34.0,32.0,,,Bengaluru,Normal,BLR,0.4,False
2026-05-10,12,Rental,Cab,0,0,0,0,25,21,0,0,20,11,8,62.0,56.0,,,Bengaluru,Normal,BLR,0.8,False
2026-05-10,13,InterCity,Cab,0,0,0,0,25,19,2,1089,21,3,16,139.0,126.0,,,Bengaluru,Normal,BLR,0.84,False
2026-05-10,13,OneWay,Auto,0,0,0,0,9634,9634,6197,897633,3131,1676,1453,21887.0,9705.0,,,Bengaluru,Normal,BLR,0.325,False
2026-05-10,13,OneWay,Cab,0,0,0,0,1942,1924,1002,364850,857,361,496,5048.0,2196.0,,,Bengaluru,Normal,BLR,0.4413,False
2026-05-10,13,Rental,Auto,0,0,0,0,3,3,0,0,1,1,0,33.0,33.0,,,Bengaluru,Normal,BLR,0.3333,False
2026-05-10,13,Rental,Cab,0,0,0,0,17,12,0,0,15,6,6,47.0,43.0,,,Bengaluru,Normal,BLR,0.8824,False
2026-05-10,14,InterCity,Cab,0,0,0,0,19,13,0,0,16,5,7,95.0,87.0,,,Bengaluru,Normal,BLR,0.8421,False
2026-05-10,14,OneWay,Auto,0,0,0,0,9432,9430,5236,685934,2943,1386,1551,16538.0,9487.0,,,Bengaluru,Normal,BLR,0.312,False
2026-05-10,14,OneWay,Cab,0,0,0,0,2044,2011,579,159401,823,344,475,4721.0,2301.0,,,Bengaluru,Normal,BLR,0.4026,False
2026-05-10,14,Rental,Auto,0,0,0,0,3,3,0,0,0,0,0,32.0,31.0,,,Bengaluru,Normal,BLR,0.0,False
2026-05-10,14,Rental,Cab,0,0,0,0,39,36,1,381,32,21,11,68.0,59.0,,,Bengaluru,Normal,BLR,0.8205,False
2026-05-10,15,InterCity,Cab,0,0,0,0,0,0,0,0,0,0,0,25.0,25.0,,,Bengaluru,Normal,BLR,,False
2026-05-10,15,OneWay,Auto,0,0,0,0,1759,1759,121,8437,433,196,166,3367.0,1767.0,,,Bengaluru,Normal,BLR,0.2462,False
2026-05-10,15,OneWay,Cab,0,0,0,0,378,372,4,511,128,57,51,929.0,441.0,,,Bengaluru,Normal,BLR,0.3386,False
2026-05-10,15,Rental,Auto,0,0,0,0,0,0,0,0,0,0,0,5.0,5.0,,,Bengaluru,Normal,BLR,,False
2026-05-10,15,Rental,Cab,0,0,0,0,1,1,0,0,1,0,1,6.0,5.0,,,Bengaluru,Normal,BLR,1.0,False
2026-05-03,0,InterCity,Cab,0,0,0,0,0,0,0,0,0,0,0,2.0,2.0,,,Bengaluru,Purple,BLR,,True
2026-05-03,0,OneWay,Auto,0,0,0,0,2,2,1,490,1,0,1,3.0,2.0,,,Bengaluru,Purple,BLR,0.5,True
2026-05-03,0,OneWay,Cab,0,0,0,0,5,5,5,3334,0,0,0,11.0,8.0,,,Bengaluru,Purple,BLR,0.0,True
2026-05-03,1,OneWay,Auto,0,0,0,0,2,2,2,209,0,0,0,4.0,2.0,,,Bengaluru,Purple,BLR,0.0,True
2026-05-03,1,OneWay,Cab,0,0,0,0,1,1,1,381,0,0,0,10.0,4.0,,,Bengaluru,Purple,BLR,0.0,True
2026-05-03,2,InterCity,Cab,0,0,0,0,0,0,0,0,0,0,0,1.0,1.0,,,Bengaluru,Purple,BLR,,True
2026-05-03,2,OneWay,Auto,0,0,0,0,2,2,2,142,0,0,0,4.0,2.0,,,Bengaluru,Purple,BLR,0.0,True
2026-05-03,2,OneWay,Cab,0,0,0,0,4,4,1,262,3,1,2,6.0,6.0,,,Bengaluru,Purple,BLR,0.75,True
2026-05-03,3,InterCity,Cab,0,0,0,0,5,5,0,0,5,4,1,5.0,5.0,,,Bengaluru,Purple,BLR,1.0,True
2026-05-03,3,OneWay,Auto,0,0,0,0,0,0,0,0,0,0,0,4.0,0.0,,,Bengaluru,Purple,BLR,,True
2026-05-03,3,OneWay,Cab,0,0,0,0,1,1,1,180,0,0,0,8.0,2.0,,,Bengaluru,Purple,BLR,0.0,True
2026-05-03,4,OneWay,Auto,0,0,0,0,6,6,3,305,3,2,1,7.0,6.0,,,Bengaluru,Purple,BLR,0.5,True
2026-05-03,4,OneWay,Cab,0,0,0,0,5,5,4,1493,1,1,0,7.0,5.0,,,Bengaluru,Purple,BLR,0.2,True
2026-05-03,5,OneWay,Auto,0,0,0,0,9,9,5,725,4,2,2,20.0,9.0,,,Bengaluru,Purple,BLR,0.4444,True
2026-05-03,5,OneWay,Cab,0,0,0,0,7,7,1,1016,6,1,5,8.0,8.0,,,Bengaluru,Purple,BLR,0.8571,True
2026-05-03,6,OneWay,Auto,0,0,0,0,23,23,16,2209,7,4,3,46.0,23.0,,,Bengaluru,Purple,BLR,0.3043,True
2026-05-03,6,OneWay,Cab,0,0,0,0,3,3,1,203,2,0,2,6.0,3.0,,,Bengaluru,Purple,BLR,0.6667,True
2026-05-03,7,InterCity,Cab,0,0,0,0,0,0,0,0,0,0,0,1.0,1.0,,,Bengaluru,Purple,BLR,,True
2026-05-03,7,OneWay,Auto,0,0,0,0,30,30,19,2217,11,9,2,39.0,30.0,,,Bengaluru,Purple,BLR,0.3667,True
2026-05-03,7,OneWay,Cab,0,0,0,0,6,6,6,1525,0,0,0,26.0,23.0,,,Bengaluru,Purple,BLR,0.0,True
2026-05-03,8,InterCity,Cab,0,0,0,0,0,0,0,0,0,0,0,2.0,2.0,,,Bengaluru,Purple,BLR,,True
2026-05-03,8,OneWay,Auto,0,0,0,0,27,27,21,3009,6,2,4,46.0,29.0,,,Bengaluru,Purple,BLR,0.2222,True
2026-05-03,8,OneWay,Cab,0,0,0,0,10,10,5,1932,5,3,2,31.0,25.0,,,Bengaluru,Purple,BLR,0.5,True
2026-05-03,9,InterCity,Cab,0,0,0,0,0,0,0,0,0,0,0,1.0,1.0,,,Bengaluru,Purple,BLR,,True
2026-05-03,9,OneWay,Auto,0,0,0,0,55,55,40,5645,15,10,5,84.0,55.0,,,Bengaluru,Purple,BLR,0.2727,True
2026-05-03,9,OneWay,Cab,0,0,0,0,15,14,2,1014,13,4,9,40.0,30.0,,,Bengaluru,Purple,BLR,0.8667,True
2026-05-03,10,InterCity,Cab,0,0,0,0,1,1,0,0,1,0,1,3.0,3.0,,,Bengaluru,Purple,BLR,1.0,True
2026-05-03,10,OneWay,Auto,0,0,0,0,39,39,26,3833,13,8,5,81.0,39.0,,,Bengaluru,Purple,BLR,0.3333,True
2026-05-03,10,OneWay,Cab,0,0,0,0,25,23,5,1456,20,3,17,68.0,39.0,,,Bengaluru,Purple,BLR,0.8,True
2026-05-03,10,Rental,Auto,0,0,0,0,0,0,0,0,0,0,0,3.0,3.0,,,Bengaluru,Purple,BLR,,True
2026-05-03,10,Rental,Cab,0,0,0,0,0,0,0,0,0,0,0,3.0,3.0,,,Bengaluru,Purple,BLR,,True
2026-05-03,11,InterCity,Cab,0,0,0,0,1,1,0,0,1,0,1,4.0,3.0,,,Bengaluru,Purple,BLR,1.0,True
2026-05-03,11,OneWay,Auto,0,0,0,0,65,65,51,7734,13,11,2,142.0,65.0,,,Bengaluru,Purple,BLR,0.2,True
2026-05-03,11,OneWay,Cab,0,0,0,0,10,10,6,2576,4,2,2,34.0,23.0,,,Bengaluru,Purple,BLR,0.4,True
2026-05-03,12,InterCity,Cab,0,0,0,0,0,0,0,0,0,0,0,2.0,2.0,,,Bengaluru,Purple,BLR,,True
2026-05-03,12,OneWay,Auto,0,0,0,0,55,55,33,4956,20,14,6,109.0,55.0,,,Bengaluru,Purple,BLR,0.3636,True
2026-05-03,12,OneWay,Cab,0,0,0,0,14,14,8,3759,6,4,2,53.0,39.0,,,Bengaluru,Purple,BLR,0.4286,True
2026-05-03,13,InterCity,Cab,0,0,0,0,1,0,0,0,1,0,1,2.0,2.0,,,Bengaluru,Purple,BLR,1.0,True
2026-05-03,13,OneWay,Auto,0,0,0,0,71,71,45,6216,26,10,16,144.0,72.0,,,Bengaluru,Purple,BLR,0.3662,True
2026-05-03,13,OneWay,Cab,0,0,0,0,5,5,3,1303,2,1,1,27.0,9.0,,,Bengaluru,Purple,BLR,0.4,True
2026-05-03,14,InterCity,Cab,0,0,0,0,1,1,0,0,1,0,1,5.0,5.0,,,Bengaluru,Purple,BLR,1.0,True
2026-05-03,14,OneWay,Auto,0,0,0,0,77,77,38,6687,39,25,14,127.0,77.0,,,Bengaluru,Purple,BLR,0.5065,True
2026-05-03,14,OneWay,Cab,0,0,0,0,13,13,4,2034,9,4,5,35.0,17.0,,,Bengaluru,Purple,BLR,0.6923,True
2026-05-03,15,OneWay,Auto,0,0,0,0,67,67,44,6532,23,11,12,122.0,67.0,,,Bengaluru,Purple,BLR,0.3433,True
2026-05-03,15,OneWay,Cab,0,0,0,0,12,12,7,2669,5,5,0,56.0,19.0,,,Bengaluru,Purple,BLR,0.4167,True
2026-05-03,15,Rental,Auto,0,0,0,0,0,0,0,0,0,0,0,1.0,1.0,,,Bengaluru,Purple,BLR,,True
2026-05-03,15,Rental,Cab,0,0,0,0,0,0,0,0,0,0,0,1.0,1.0,,,Bengaluru,Purple,BLR,,True
2026-05-03,16,InterCity,Cab,0,0,0,0,0,0,0,0,0,0,0,4.0,4.0,,,Bengaluru,Purple,BLR,,True
2026-05-03,16,OneWay,Auto,0,0,0,0,71,71,34,5379,37,23,14,130.0,71.0,,,Bengaluru,Purple,BLR,0.5211,True
2026-05-03,16,OneWay,Cab,0,0,0,0,24,20,9,4457,15,9,6,48.0,31.0,,,Bengaluru,Purple,BLR,0.625,True
2026-05-03,16,Rental,Auto,0,0,0,0,0,0,0,0,0,0,0,1.0,1.0,,,Bengaluru,Purple,BLR,,True
2026-05-03,16,Rental,Cab,0,0,0,0,0,0,0,0,0,0,0,1.0,1.0,,,Bengaluru,Purple,BLR,,True
2026-05-03,17,InterCity,Cab,0,0,0,0,0,0,0,0,0,0,0,2.0,2.0,,,Bengaluru,Purple,BLR,,True
2026-05-03,17,OneWay,Auto,0,0,0,0,58,58,32,4636,23,17,6,127.0,58.0,,,Bengaluru,Purple,BLR,0.3966,True
2026-05-03,17,OneWay,Cab,0,0,0,0,15,13,8,3001,7,5,2,48.0,32.0,,,Bengaluru,Purple,BLR,0.4667,True
2026-05-03,17,Rental,Auto,0,0,0,0,0,0,0,0,0,0,0,1.0,1.0,,,Bengaluru,Purple,BLR,,True
2026-05-03,17,Rental,Cab,0,0,0,0,0,0,0,0,0,0,0,1.0,1.0,,,Bengaluru,Purple,BLR,,True
2026-05-03,18,InterCity,Cab,0,0,0,0,0,0,0,0,0,0,0,3.0,3.0,,,Bengaluru,Purple,BLR,,True
2026-05-03,18,OneWay,Auto,0,0,0,0,64,64,47,6555,16,6,10,131.0,64.0,,,Bengaluru,Purple,BLR,0.25,True
2026-05-03,18,OneWay,Cab,0,0,0,0,15,15,9,2643,6,5,1,48.0,28.0,,,Bengaluru,Purple,BLR,0.4,True
2026-05-03,19,InterCity,Cab,0,0,0,0,0,0,0,0,0,0,0,1.0,1.0,,,Bengaluru,Purple,BLR,,True
2026-05-03,19,OneWay,Auto,0,0,0,0,80,80,47,7248,31,20,11,145.0,80.0,,,Bengaluru,Purple,BLR,0.3875,True
2026-05-03,19,OneWay,Cab,0,0,0,0,14,14,4,1647,10,6,3,49.0,22.0,,,Bengaluru,Purple,BLR,0.7143,True
2026-05-03,20,InterCity,Cab,0,0,0,0,1,1,0,0,1,0,1,2.0,2.0,,,Bengaluru,Purple,BLR,1.0,True
2026-05-03,20,OneWay,Auto,0,0,0,0,49,49,36,6189,13,11,2,101.0,49.0,,,Bengaluru,Purple,BLR,0.2653,True
2026-05-03,20,OneWay,Cab,0,0,0,0,12,10,1,564,11,6,5,33.0,20.0,,,Bengaluru,Purple,BLR,0.9167,True
2026-05-03,21,OneWay,Auto,0,0,0,0,51,51,24,4346,27,9,18,121.0,51.0,,,Bengaluru,Purple,BLR,0.5294,True
2026-05-03,21,OneWay,Cab,0,0,0,0,14,13,6,2095,8,3,5,45.0,31.0,,,Bengaluru,Purple,BLR,0.5714,True
2026-05-03,22,InterCity,Cab,0,0,0,0,0,0,0,0,0,0,0,2.0,2.0,,,Bengaluru,Purple,BLR,,True
2026-05-03,22,OneWay,Auto,0,0,0,0,33,33,19,2935,14,6,8,57.0,33.0,,,Bengaluru,Purple,BLR,0.4242,True
2026-05-03,22,OneWay,Cab,0,0,0,0,8,6,4,1417,4,1,3,45.0,22.0,,,Bengaluru,Purple,BLR,0.5,True
2026-05-03,23,OneWay,Auto,0,0,0,0,4,4,2,457,2,0,2,11.0,4.0,,,Bengaluru,Purple,BLR,0.5,True
2026-05-03,23,OneWay,Cab,0,0,0,0,4,3,2,903,2,1,0,26.0,18.0,,,Bengaluru,Purple,BLR,0.5,True
2026-05-09,0,OneWay,Auto,0,0,0,0,5,5,2,243,3,3,0,5.0,5.0,,,Bengaluru,Purple,BLR,0.6,True
2026-05-09,0,OneWay,Cab,0,0,0,0,2,2,1,314,1,0,1,12.0,7.0,,,Bengaluru,Purple,BLR,0.5,True
2026-05-09,1,InterCity,Cab,0,0,0,0,0,0,0,0,0,0,0,1.0,1.0,,,Bengaluru,Purple,BLR,,True
2026-05-09,1,OneWay,Auto,0,0,0,0,0,0,0,0,0,0,0,1.0,0.0,,,Bengaluru,Purple,BLR,,True
2026-05-09,1,OneWay,Cab,0,0,0,0,2,2,2,557,0,0,0,5.0,5.0,,,Bengaluru,Purple,BLR,0.0,True
2026-05-09,2,OneWay,Auto,0,0,0,0,12,12,1,54,11,0,11,14.0,14.0,,,Bengaluru,Purple,BLR,0.9167,True
2026-05-09,2,OneWay,Cab,0,0,0,0,0,0,0,0,0,0,0,2.0,2.0,,,Bengaluru,Purple,BLR,,True
2026-05-09,3,OneWay,Auto,0,0,0,0,4,4,1,170,3,0,3,6.0,4.0,,,Bengaluru,Purple,BLR,0.75,True
2026-05-09,3,OneWay,Cab,0,0,0,0,1,0,0,0,1,0,1,3.0,3.0,,,Bengaluru,Purple,BLR,1.0,True
2026-05-09,4,OneWay,Auto,0,0,0,0,1,1,1,285,0,0,0,8.0,1.0,,,Bengaluru,Purple,BLR,0.0,True
2026-05-09,4,OneWay,Cab,0,0,0,0,1,1,1,439,0,0,0,3.0,3.0,,,Bengaluru,Purple,BLR,0.0,True
2026-05-09,5,OneWay,Auto,0,0,0,0,10,10,6,932,4,2,2,13.0,10.0,,,Bengaluru,Purple,BLR,0.4,True
2026-05-09,5,OneWay,Cab,0,0,0,0,2,2,2,1199,0,0,0,3.0,3.0,,,Bengaluru,Purple,BLR,0.0,True
2026-05-09,6,OneWay,Auto,0,0,0,0,14,14,10,1283,4,1,3,16.0,14.0,,,Bengaluru,Purple,BLR,0.2857,True
2026-05-09,6,OneWay,Cab,0,0,0,0,3,3,3,942,0,0,0,5.0,4.0,,,Bengaluru,Purple,BLR,0.0,True
2026-05-09,7,InterCity,Cab,0,0,0,0,5,5,0,0,5,3,2,6.0,5.0,,,Bengaluru,Purple,BLR,1.0,True
2026-05-09,7,OneWay,Auto,0,0,0,0,15,15,11,2021,4,3,1,18.0,15.0,,,Bengaluru,Purple,BLR,0.2667,True
2026-05-09,7,OneWay,Cab,0,0,0,0,6,6,5,2576,1,0,1,10.0,7.0,,,Bengaluru,Purple,BLR,0.1667,True
2026-05-09,8,InterCity,Cab,0,0,0,0,3,1,1,2148,2,0,1,3.0,3.0,,,Bengaluru,Purple,BLR,0.6667,True
2026-05-09,8,OneWay,Auto,0,0,0,0,28,28,19,2483,9,4,5,37.0,28.0,,,Bengaluru,Purple,BLR,0.3214,True
2026-05-09,8,OneWay,Cab,0,0,0,0,5,5,2,838,3,1,2,11.0,9.0,,,Bengaluru,Purple,BLR,0.6,True
2026-05-09,9,OneWay,Auto,0,0,0,0,41,41,27,3881,11,7,4,57.0,41.0,,,Bengaluru,Purple,BLR,0.2683,True
2026-05-09,9,OneWay,Cab,0,0,0,0,11,10,2,395,9,1,8,16.0,14.0,,,Bengaluru,Purple,BLR,0.8182,True
2026-05-09,10,InterCity,Cab,0,0,0,0,0,0,0,0,0,0,0,3.0,3.0,,,Bengaluru,Purple,BLR,,True
2026-05-09,10,OneWay,Auto,0,0,0,0,61,61,35,4125,23,16,7,101.0,61.0,,,Bengaluru,Purple,BLR,0.377,True
2026-05-09,10,OneWay,Cab,0,0,0,0,23,21,3,700,20,4,16,36.0,31.0,,,Bengaluru,Purple,BLR,0.8696,True
2026-05-09,11,InterCity,Cab,0,0,0,0,0,0,0,0,0,0,0,2.0,2.0,,,Bengaluru,Purple,BLR,,True
2026-05-09,11,OneWay,Auto,0,0,0,0,71,71,47,5769,24,10,14,120.0,71.0,,,Bengaluru,Purple,BLR,0.338,True
2026-05-09,11,OneWay,Cab,0,0,0,0,12,12,6,2533,5,0,5,24.0,21.0,,,Bengaluru,Purple,BLR,0.4167,True
2026-05-09,12,InterCity,Cab,0,0,0,0,0,0,0,0,0,0,0,1.0,1.0,,,Bengaluru,Purple,BLR,,True
2026-05-09,12,OneWay,Auto,0,0,0,0,73,73,47,7362,20,11,9,124.0,73.0,,,Bengaluru,Purple,BLR,0.274,True
2026-05-09,12,OneWay,Cab,0,0,0,0,16,16,5,2316,10,5,5,32.0,25.0,,,Bengaluru,Purple,BLR,0.625,True
2026-05-09,13,InterCity,Cab,0,0,0,0,0,0,0,0,0,0,0,6.0,6.0,,,Bengaluru,Purple,BLR,,True
2026-05-09,13,OneWay,Auto,0,0,0,0,75,75,42,6013,32,23,9,143.0,75.0,,,Bengaluru,Purple,BLR,0.4267,True
2026-05-09,13,OneWay,Cab,0,0,0,0,10,9,4,1120,6,2,4,28.0,19.0,,,Bengaluru,Purple,BLR,0.6,True
2026-05-09,14,InterCity,Cab,0,0,0,0,5,3,0,0,5,0,5,10.0,8.0,,,Bengaluru,Purple,BLR,1.0,True
2026-05-09,14,OneWay,Auto,0,0,0,0,63,63,36,6121,26,11,15,96.0,64.0,,,Bengaluru,Purple,BLR,0.4127,True
2026-05-09,14,OneWay,Cab,0,0,0,0,10,10,5,2174,5,1,4,20.0,15.0,,,Bengaluru,Purple,BLR,0.5,True
2026-05-09,15,InterCity,Cab,0,0,0,0,0,0,0,0,0,0,0,4.0,4.0,,,Bengaluru,Purple,BLR,,True
2026-05-09,15,OneWay,Auto,0,0,0,0,58,58,29,4498,26,15,11,104.0,58.0,,,Bengaluru,Purple,BLR,0.4483,True
2026-05-09,15,OneWay,Cab,0,0,0,0,9,9,4,1628,5,2,3,47.0,19.0,,,Bengaluru,Purple,BLR,0.5556,True
2026-05-09,15,Rental,Cab,0,0,0,0,4,4,1,1072,3,3,0,4.0,4.0,,,Bengaluru,Purple,BLR,0.75,True
2026-05-09,16,InterCity,Cab,0,0,0,0,0,0,0,0,0,0,0,2.0,2.0,,,Bengaluru,Purple,BLR,,True
2026-05-09,16,OneWay,Auto,0,0,0,0,48,48,34,4812,13,9,4,103.0,48.0,,,Bengaluru,Purple,BLR,0.2708,True
2026-05-09,16,OneWay,Cab,0,0,0,0,16,15,3,1878,12,8,4,58.0,23.0,,,Bengaluru,Purple,BLR,0.75,True
2026-05-09,17,InterCity,Cab,0,0,0,0,2,0,0,0,2,0,2,3.0,3.0,,,Bengaluru,Purple,BLR,1.0,True
2026-05-09,17,OneWay,Auto,0,0,0,0,79,79,41,6633,35,23,11,110.0,82.0,,,Bengaluru,Purple,BLR,0.443,True
2026-05-09,17,OneWay,Cab,0,0,0,0,9,8,2,1333,7,1,6,36.0,18.0,,,Bengaluru,Purple,BLR,0.7778,True
2026-05-09,18,OneWay,Auto,0,0,0,0,95,95,54,8152,39,32,7,253.0,95.0,,,Bengaluru,Purple,BLR,0.4105,True
2026-05-09,18,OneWay,Cab,0,0,0,0,20,20,6,3530,13,4,9,62.0,27.0,,,Bengaluru,Purple,BLR,0.65,True
2026-05-09,18,Rental,Auto,0,0,0,0,0,0,0,0,0,0,0,3.0,3.0,,,Bengaluru,Purple,BLR,,True
2026-05-09,18,Rental,Cab,0,0,0,0,1,1,0,0,1,0,1,4.0,3.0,,,Bengaluru,Purple,BLR,1.0,True
2026-05-09,19,InterCity,Cab,0,0,0,0,0,0,0,0,0,0,0,1.0,1.0,,,Bengaluru,Purple,BLR,,True
2026-05-09,19,OneWay,Auto,0,0,0,0,69,69,31,4946,37,22,15,220.0,70.0,,,Bengaluru,Purple,BLR,0.5362,True
2026-05-09,19,OneWay,Cab,0,0,0,0,9,9,6,1853,3,1,2,49.0,27.0,,,Bengaluru,Purple,BLR,0.3333,True
2026-05-09,20,InterCity,Cab,0,0,0,0,0,0,0,0,0,0,0,2.0,2.0,,,Bengaluru,Purple,BLR,,True
2026-05-09,20,OneWay,Auto,0,0,0,0,72,72,32,5111,39,24,15,143.0,72.0,,,Bengaluru,Purple,BLR,0.5417,True
2026-05-09,20,OneWay,Cab,0,0,0,0,10,10,7,1680,3,2,1,71.0,38.0,,,Bengaluru,Purple,BLR,0.3,True
2026-05-09,21,InterCity,Cab,0,0,0,0,2,2,0,0,2,0,2,5.0,4.0,,,Bengaluru,Purple,BLR,1.0,True
2026-05-09,21,OneWay,Auto,0,0,0,0,39,39,22,3368,17,11,6,81.0,39.0,,,Bengaluru,Purple,BLR,0.4359,True
2026-05-09,21,OneWay,Cab,0,0,0,0,15,14,5,1094,10,1,9,57.0,44.0,,,Bengaluru,Purple,BLR,0.6667,True
2026-05-09,21,Rental,Cab,0,0,0,0,1,1,0,0,1,0,1,1.0,1.0,,,Bengaluru,Purple,BLR,1.0,True
2026-05-09,22,InterCity,Cab,0,0,0,0,0,0,0,0,0,0,0,1.0,1.0,,,Bengaluru,Purple,BLR,,True
2026-05-09,22,OneWay,Auto,0,0,0,0,20,20,7,1191,13,9,4,38.0,24.0,,,Bengaluru,Purple,BLR,0.65,True
2026-05-09,22,OneWay,Cab,0,0,0,0,16,14,5,1968,10,4,6,45.0,39.0,,,Bengaluru,Purple,BLR,0.625,True
2026-05-09,23,InterCity,Cab,0,0,0,0,4,2,0,0,4,0,4,4.0,4.0,,,Bengaluru,Purple,BLR,1.0,True
2026-05-09,23,OneWay,Auto,0,0,0,0,19,19,11,2024,8,3,5,25.0,21.0,,,Bengaluru,Purple,BLR,0.4211,True
2026-05-09,23,OneWay,Cab,0,0,0,0,9,9,3,821,6,3,3,23.0,17.0,,,Bengaluru,Purple,BLR,0.6667,True
2026-05-10,0,OneWay,Auto,0,0,0,0,2,2,1,56,1,0,1,3.0,2.0,,,Bengaluru,Purple,BLR,0.5,False
2026-05-10,0,OneWay,Cab,0,0,0,0,8,8,3,852,5,0,5,20.0,20.0,,,Bengaluru,Purple,BLR,0.625,False
2026-05-10,0,Rental,Auto,0,0,0,0,0,0,0,0,0,0,0,3.0,3.0,,,Bengaluru,Purple,BLR,,False
2026-05-10,0,Rental,Cab,0,0,0,0,0,0,0,0,0,0,0,3.0,3.0,,,Bengaluru,Purple,BLR,,False
2026-05-10,1,OneWay,Auto,0,0,0,0,3,3,1,108,2,1,1,4.0,3.0,,,Bengaluru,Purple,BLR,0.6667,False
2026-05-10,1,OneWay,Cab,0,0,0,0,7,7,3,1328,4,0,4,16.0,14.0,,,Bengaluru,Purple,BLR,0.5714,False
2026-05-10,2,OneWay,Cab,0,0,0,0,1,0,0,0,1,0,1,13.0,12.0,,,Bengaluru,Purple,BLR,1.0,False
2026-05-10,3,OneWay,Auto,0,0,0,0,1,1,1,85,0,0,0,1.0,1.0,,,Bengaluru,Purple,BLR,0.0,False
2026-05-10,3,OneWay,Cab,0,0,0,0,6,6,1,160,5,4,1,10.0,8.0,,,Bengaluru,Purple,BLR,0.8333,False
2026-05-10,4,OneWay,Auto,0,0,0,0,4,4,2,220,2,1,1,5.0,4.0,,,Bengaluru,Purple,BLR,0.5,False
2026-05-10,4,OneWay,Cab,0,0,0,0,3,3,2,446,1,1,0,11.0,5.0,,,Bengaluru,Purple,BLR,0.3333,False
2026-05-10,5,InterCity,Cab,0,0,0,0,0,0,0,0,0,0,0,2.0,2.0,,,Bengaluru,Purple,BLR,,False
2026-05-10,5,OneWay,Auto,0,0,0,0,10,10,6,1362,4,2,2,19.0,10.0,,,Bengaluru,Purple,BLR,0.4,False
2026-05-10,5,OneWay,Cab,0,0,0,0,2,2,1,914,1,0,1,4.0,4.0,,,Bengaluru,Purple,BLR,0.5,False
2026-05-10,6,OneWay,Auto,0,0,0,0,15,15,10,1437,5,3,2,35.0,15.0,,,Bengaluru,Purple,BLR,0.3333,False
2026-05-10,6,OneWay,Cab,0,0,0,0,4,4,3,850,1,1,0,8.0,8.0,,,Bengaluru,Purple,BLR,0.25,False
2026-05-10,7,OneWay,Auto,0,0,0,0,32,32,21,2568,11,9,2,51.0,32.0,,,Bengaluru,Purple,BLR,0.3438,False
2026-05-10,7,OneWay,Cab,0,0,0,0,6,6,2,1386,4,0,4,15.0,14.0,,,Bengaluru,Purple,BLR,0.6667,False
2026-05-10,7,Rental,Auto,0,0,0,0,0,0,0,0,0,0,0,1.0,1.0,,,Bengaluru,Purple,BLR,,False
2026-05-10,7,Rental,Cab,0,0,0,0,0,0,0,0,0,0,0,1.0,1.0,,,Bengaluru,Purple,BLR,,False
2026-05-10,8,OneWay,Auto,0,0,0,0,36,36,21,3075,15,8,7,40.0,36.0,,,Bengaluru,Purple,BLR,0.4167,False
2026-05-10,8,OneWay,Cab,0,0,0,0,13,13,7,3931,6,4,2,26.0,22.0,,,Bengaluru,Purple,BLR,0.4615,False
2026-05-10,8,Rental,Auto,0,0,0,0,0,0,0,0,0,0,0,2.0,2.0,,,Bengaluru,Purple,BLR,,False
2026-05-10,8,Rental,Cab,0,0,0,0,0,0,0,0,0,0,0,2.0,2.0,,,Bengaluru,Purple,BLR,,False
2026-05-10,9,InterCity,Cab,0,0,0,0,4,4,0,0,4,1,3,4.0,4.0,,,Bengaluru,Purple,BLR,1.0,False
2026-05-10,9,OneWay,Auto,0,0,0,0,36,36,22,2881,14,4,10,58.0,37.0,,,Bengaluru,Purple,BLR,0.3889,False
2026-05-10,9,OneWay,Cab,0,0,0,0,7,7,5,2850,2,1,1,15.0,11.0,,,Bengaluru,Purple,BLR,0.2857,False
2026-05-10,10,InterCity,Cab,0,0,0,0,0,0,0,0,0,0,0,2.0,2.0,,,Bengaluru,Purple,BLR,,False
2026-05-10,10,OneWay,Auto,0,0,0,0,39,39,29,3414,10,6,4,70.0,39.0,,,Bengaluru,Purple,BLR,0.2564,False
2026-05-10,10,OneWay,Cab,0,0,0,0,5,5,2,952,3,2,1,22.0,12.0,,,Bengaluru,Purple,BLR,0.6,False
2026-05-10,11,InterCity,Cab,0,0,0,0,4,5,0,0,4,0,3,4.0,4.0,,,Bengaluru,Purple,BLR,1.0,False
2026-05-10,11,OneWay,Auto,0,0,0,0,77,77,48,5992,28,12,16,112.0,77.0,,,Bengaluru,Purple,BLR,0.3636,False
2026-05-10,11,OneWay,Cab,0,0,0,0,14,12,5,2089,9,3,6,39.0,26.0,,,Bengaluru,Purple,BLR,0.6429,False
2026-05-10,12,InterCity,Cab,0,0,0,0,0,0,0,0,0,0,0,4.0,4.0,,,Bengaluru,Purple,BLR,,False
2026-05-10,12,OneWay,Auto,0,0,0,0,84,84,46,6641,32,14,18,145.0,84.0,,,Bengaluru,Purple,BLR,0.381,False
2026-05-10,12,OneWay,Cab,0,0,0,0,12,10,6,1540,5,1,4,43.0,27.0,,,Bengaluru,Purple,BLR,0.4167,False
2026-05-10,12,Rental,Auto,0,0,0,0,0,0,0,0,0,0,0,2.0,2.0,,,Bengaluru,Purple,BLR,,False
2026-05-10,12,Rental,Cab,0,0,0,0,0,0,0,0,0,0,0,2.0,2.0,,,Bengaluru,Purple,BLR,,False
2026-05-10,13,InterCity,Cab,0,0,0,0,0,0,0,0,0,0,0,2.0,2.0,,,Bengaluru,Purple,BLR,,False
2026-05-10,13,OneWay,Auto,0,0,0,0,77,77,44,6878,30,22,8,216.0,77.0,,,Bengaluru,Purple,BLR,0.3896,False
2026-05-10,13,OneWay,Cab,0,0,0,0,12,12,6,1932,6,2,4,35.0,18.0,,,Bengaluru,Purple,BLR,0.5,False
2026-05-10,14,OneWay,Auto,0,0,0,0,81,81,40,5453,32,18,14,139.0,81.0,,,Bengaluru,Purple,BLR,0.3951,False
2026-05-10,14,OneWay,Cab,0,0,0,0,14,14,1,253,7,4,3,55.0,19.0,,,Bengaluru,Purple,BLR,0.5,False
2026-05-10,15,OneWay,Auto,0,0,0,0,10,10,1,74,3,2,0,32.0,10.0,,,Bengaluru,Purple,BLR,0.3,False
2026-05-10,15,OneWay,Cab,0,0,0,0,1,1,0,0,0,0,0,3.0,2.0,,,Bengaluru,Purple,BLR,0.0,False
