ward_num,active,vehicle_type,active_drvr,drvr_notonride,drvr_onride
b_1,TRUE,Auto,181,172,9
b_1,TRUE,Cab,155,141,14
b_2,TRUE,Auto,61,58,3
b_2,TRUE,Cab,39,37,2
b_3,TRUE,Auto,97,91,6
b_3,TRUE,Cab,41,38,3
b_4,TRUE,Auto,129,119,10
b_4,TRUE,Cab,46,45,1
b_5,TRUE,Auto,153,143,10
b_5,TRUE,Cab,72,71,1
b_17,TRUE,Auto,139,126,13
b_17,TRUE,Cab,72,70,2
b_20,TRUE,Auto,36,32,4
b_20,TRUE,Cab,11,9,2
b_59,TRUE,Auto,80,70,10
b_59,TRUE,Cab,28,22,6
b_60,TRUE,Auto,281,212,69
b_60,TRUE,Cab,133,99,34
b_61,TRUE,Auto,130,114,16
b_61,TRUE,Cab,57,48,9
b_37,TRUE,Auto,89,76,13
b_37,TRUE,Cab,35,30,5
b_41,TRUE,Auto,97,85,12
b_41,TRUE,Cab,38,36,2
b_23,TRUE,Auto,68,64,4
b_23,TRUE,Cab,32,32,0
b_53,TRUE,Auto,60,58,2
b_53,TRUE,Cab,26,26,0
b_50,TRUE,Auto,139,129,10
b_50,TRUE,Cab,52,48,4
b_62,TRUE,Auto,77,69,8
b_62,TRUE,Cab,41,39,2
b_64,TRUE,Auto,179,156,23
b_64,TRUE,Cab,53,47,6
b_65,TRUE,Auto,102,74,28
b_65,TRUE,Cab,24,22,2
b_119,TRUE,Auto,139,80,59
b_119,TRUE,Cab,53,32,21
b_132,TRUE,Auto,90,70,20
b_132,TRUE,Cab,20,17,3
b_134,TRUE,Auto,197,180,17
b_134,TRUE,Cab,80,65,15
b_63,TRUE,Auto,44,33,11
b_63,TRUE,Cab,6,4,2
b_26,TRUE,Auto,33,32,1
b_26,TRUE,Cab,6,6,0
b_27,TRUE,Auto,65,61,4
b_27,TRUE,Cab,30,26,4
b_45,TRUE,Auto,132,110,22
b_45,TRUE,Cab,57,53,4
b_56,TRUE,Auto,36,34,2
b_56,TRUE,Cab,5,4,1
b_57,TRUE,Auto,27,23,4
b_57,TRUE,Cab,4,4,0
b_58,TRUE,Auto,27,26,1
b_58,TRUE,Cab,14,12,2
b_145,TRUE,Auto,50,42,8
b_145,TRUE,Cab,12,12,0
b_144,TRUE,Auto,39,39,0
b_144,TRUE,Cab,16,12,4
b_143,TRUE,Auto,67,56,11
b_143,TRUE,Cab,18,18,0
b_141,TRUE,Auto,81,74,7
b_141,TRUE,Cab,37,31,6
b_142,TRUE,Auto,78,62,16
b_142,TRUE,Cab,23,21,2
b_140,TRUE,Auto,36,36,0
b_140,TRUE,Cab,6,6,0
b_139,TRUE,Auto,24,20,4
b_139,TRUE,Cab,2,2,0
b_135,TRUE,Auto,40,35,5
b_135,TRUE,Cab,19,19,0
b_133,TRUE,Auto,355,305,50
b_133,TRUE,Cab,147,123,24
b_130,TRUE,Auto,52,35,17
b_130,TRUE,Cab,16,12,4
b_131,TRUE,Auto,201,145,56
b_131,TRUE,Cab,61,48,13
b_120,TRUE,Auto,354,282,72
b_120,TRUE,Cab,86,77,9
b_125,TRUE,Auto,89,70,19
b_125,TRUE,Cab,26,21,5
b_138,TRUE,Auto,58,53,5
b_138,TRUE,Cab,10,8,2
b_137,TRUE,Auto,30,22,8
b_137,TRUE,Cab,8,6,2
b_136,TRUE,Auto,30,24,6
b_136,TRUE,Cab,7,7,0
b_33,TRUE,Auto,77,71,6
b_33,TRUE,Cab,66,66,0
b_210,TRUE,Auto,115,90,25
b_210,TRUE,Cab,20,17,3
b_212,TRUE,Auto,53,45,8
b_212,TRUE,Cab,9,7,2
b_213,TRUE,Auto,45,38,7
b_213,TRUE,Cab,10,10,0
b_214,TRUE,Auto,94,84,10
b_214,TRUE,Cab,19,17,2
b_34,TRUE,Auto,116,114,2
b_34,TRUE,Cab,56,54,2
b_243,TRUE,Auto,52,49,3
b_243,TRUE,Cab,30,26,4
b_106,TRUE,Auto,374,325,49
b_106,TRUE,Cab,180,172,8
b_115,TRUE,Auto,497,453,44
b_115,TRUE,Cab,255,229,26
b_114,TRUE,Auto,629,529,100
b_114,TRUE,Cab,263,216,47
b_107,TRUE,Auto,121,108,13
b_107,TRUE,Cab,117,115,2
b_122,TRUE,Auto,169,145,24
b_122,TRUE,Cab,52,49,3
b_123,TRUE,Auto,81,73,8
b_123,TRUE,Cab,11,11,0
b_51,TRUE,Auto,195,177,18
b_51,TRUE,Cab,107,101,6
b_54,TRUE,Auto,15,15,0
b_54,TRUE,Cab,11,11,0
b_55,TRUE,Auto,47,45,2
b_55,TRUE,Cab,7,7,0
b_129,TRUE,Auto,379,270,109
b_129,TRUE,Cab,167,122,45
b_121,TRUE,Auto,171,131,40
b_121,TRUE,Cab,87,75,12
b_124,TRUE,Auto,243,192,51
b_124,TRUE,Cab,115,102,13
b_40,TRUE,Auto,175,157,18
b_40,TRUE,Cab,97,81,16
b_93,TRUE,Auto,166,118,48
b_93,TRUE,Cab,52,47,5
b_42,TRUE,Auto,25,25,0
b_42,TRUE,Cab,8,8,0
b_31,TRUE,Auto,155,148,7
b_31,TRUE,Cab,66,66,0
b_32,TRUE,Auto,88,81,7
b_32,TRUE,Cab,45,45,0
b_21,TRUE,Auto,97,89,8
b_21,TRUE,Cab,28,28,0
b_22,TRUE,Auto,112,107,5
b_22,TRUE,Cab,32,32,0
b_24,TRUE,Auto,50,41,9
b_24,TRUE,Cab,19,19,0
b_25,TRUE,Auto,30,28,2
b_25,TRUE,Cab,19,19,0
b_43,TRUE,Auto,51,43,8
b_43,TRUE,Cab,22,22,0
b_44,TRUE,Auto,31,29,2
b_44,TRUE,Cab,17,17,0
b_46,TRUE,Auto,63,56,7
b_46,TRUE,Cab,41,40,1
b_47,TRUE,Auto,134,128,6
b_47,TRUE,Cab,39,38,1
b_36,TRUE,Auto,114,105,9
b_36,TRUE,Cab,82,72,10
b_48,TRUE,Auto,276,251,25
b_48,TRUE,Cab,82,77,5
b_49,TRUE,Auto,223,201,22
b_49,TRUE,Cab,63,56,7
b_117,TRUE,Auto,176,127,49
b_117,TRUE,Cab,82,68,14
b_118,TRUE,Auto,144,116,28
b_118,TRUE,Cab,55,51,4
b_211,TRUE,Auto,56,40,16
b_211,TRUE,Cab,6,6,0
b_52,TRUE,Auto,59,59,0
b_52,TRUE,Cab,42,40,2
b_216,TRUE,Auto,58,44,14
b_216,TRUE,Cab,12,8,4
b_215,TRUE,Auto,72,48,24
b_215,TRUE,Cab,3,2,1
b_224,TRUE,Auto,104,93,11
b_224,TRUE,Cab,32,29,3
b_181,TRUE,Auto,426,281,145
b_181,TRUE,Cab,260,199,61
b_200,TRUE,Auto,82,63,19
b_200,TRUE,Cab,30,19,11
b_167,TRUE,Auto,36,28,8
b_167,TRUE,Cab,9,9,0
b_218,TRUE,Auto,157,145,12
b_218,TRUE,Cab,44,42,2
b_229,TRUE,Auto,132,122,10
b_229,TRUE,Cab,99,97,2
b_228,TRUE,Auto,56,53,3
b_228,TRUE,Cab,42,40,2
b_71,TRUE,Auto,38,22,16
b_71,TRUE,Cab,2,0,2
b_239,TRUE,Auto,83,71,12
b_239,TRUE,Cab,24,23,1
b_169,TRUE,Auto,9,7,2
b_169,TRUE,Cab,3,3,0
b_241,TRUE,Auto,55,43,12
b_241,TRUE,Cab,10,9,1
b_179,TRUE,Auto,112,92,20
b_179,TRUE,Cab,24,17,7
b_178,TRUE,Auto,231,190,41
b_178,TRUE,Cab,109,103,6
b_222,TRUE,Auto,59,51,8
b_222,TRUE,Cab,25,25,0
b_161,TRUE,Auto,87,75,12
b_161,TRUE,Cab,32,30,2
b_160,TRUE,Auto,3,2,1
b_160,TRUE,Cab,4,4,0
b_39,TRUE,Auto,96,84,12
b_39,TRUE,Cab,38,32,6
b_168,TRUE,Auto,38,32,6
b_168,TRUE,Cab,3,3,0
b_220,TRUE,Auto,32,22,10
b_220,TRUE,Cab,10,10,0
b_38,TRUE,Auto,49,47,2
b_38,TRUE,Cab,20,17,3
b_166,TRUE,Auto,37,28,9
b_166,TRUE,Cab,15,10,5
b_236,TRUE,Auto,58,42,16
b_236,TRUE,Cab,12,9,3
b_157,TRUE,Auto,43,31,12
b_157,TRUE,Cab,5,5,0
b_231,TRUE,Auto,49,49,0
b_231,TRUE,Cab,7,7,0
b_221,TRUE,Auto,134,125,9
b_221,TRUE,Cab,29,29,0
b_238,TRUE,Auto,82,65,17
b_238,TRUE,Cab,30,26,4
b_242,TRUE,Auto,41,35,6
b_242,TRUE,Cab,13,8,5
b_223,TRUE,Auto,64,58,6
b_223,TRUE,Cab,16,16,0
b_230,TRUE,Auto,378,344,34
b_230,TRUE,Cab,167,160,7
b_205,TRUE,Auto,33,29,4
b_205,TRUE,Cab,10,8,2
b_225,TRUE,Auto,71,64,7
b_225,TRUE,Cab,38,31,7
b_201,TRUE,Auto,62,50,12
b_201,TRUE,Cab,21,19,2
b_204,TRUE,Auto,90,65,25
b_204,TRUE,Cab,14,10,4
b_156,TRUE,Auto,16,14,2
b_187,TRUE,Auto,264,222,42
b_187,TRUE,Cab,118,97,21
b_98,TRUE,Auto,147,91,56
b_98,TRUE,Cab,39,27,12
b_185,TRUE,Auto,92,69,23
b_185,TRUE,Cab,13,13,0
b_99,TRUE,Auto,194,152,42
b_99,TRUE,Cab,62,48,14
b_74,TRUE,Auto,80,54,26
b_74,TRUE,Cab,12,5,7
b_176,TRUE,Auto,59,43,16
b_176,TRUE,Cab,16,14,2
b_175,TRUE,Auto,101,70,31
b_175,TRUE,Cab,34,27,7
b_188,TRUE,Auto,87,54,33
b_188,TRUE,Cab,32,14,18
b_177,TRUE,Auto,87,56,31
b_177,TRUE,Cab,19,15,4
b_174,TRUE,Auto,181,150,31
b_174,TRUE,Cab,61,44,17
b_100,TRUE,Auto,232,173,59
b_100,TRUE,Cab,65,44,21
b_94,TRUE,Auto,230,188,42
b_94,TRUE,Cab,109,86,23
b_80,TRUE,Auto,253,171,82
b_80,TRUE,Cab,58,40,18
b_12,TRUE,Auto,142,132,10
b_12,TRUE,Cab,63,60,3
b_8,TRUE,Auto,387,332,55
b_8,TRUE,Cab,184,177,7
b_7,TRUE,Auto,143,131,12
b_7,TRUE,Cab,51,47,4
b_10,TRUE,Auto,323,255,68
b_10,TRUE,Cab,168,144,24
b_9,TRUE,Auto,192,161,31
b_9,TRUE,Cab,88,80,8
b_103,TRUE,Auto,89,65,24
b_103,TRUE,Cab,28,16,12
b_197,TRUE,Auto,214,186,28
b_197,TRUE,Cab,82,74,8
b_79,TRUE,Auto,55,32,23
b_79,TRUE,Cab,14,13,1
b_101,TRUE,Auto,76,54,22
b_101,TRUE,Cab,10,6,4
b_75,TRUE,Auto,41,32,9
b_75,TRUE,Cab,5,4,1
b_102,TRUE,Auto,73,55,18
b_102,TRUE,Cab,14,9,5
b_97,TRUE,Auto,17,12,5
b_97,TRUE,Cab,4,4,0
b_77,TRUE,Auto,1,1,0
b_76,TRUE,Auto,25,21,4
b_76,TRUE,Cab,2,0,2
b_78,TRUE,Auto,31,19,12
b_78,TRUE,Cab,1,1,0
b_195,TRUE,Auto,56,39,17
b_195,TRUE,Cab,8,6,2
b_194,TRUE,Auto,35,23,12
b_194,TRUE,Cab,13,9,4
b_196,TRUE,Auto,204,156,48
b_196,TRUE,Cab,35,32,3
b_191,TRUE,Auto,77,55,22
b_191,TRUE,Cab,18,16,2
b_189,TRUE,Auto,119,81,38
b_189,TRUE,Cab,43,36,7
b_173,TRUE,Auto,144,106,38
b_173,TRUE,Cab,22,16,6
b_186,TRUE,Auto,334,277,57
b_186,TRUE,Cab,144,123,21
b_6,TRUE,Auto,330,301,29
b_6,TRUE,Cab,142,130,12
b_170,TRUE,Auto,17,17,0
b_170,TRUE,Cab,10,10,0
b_165,TRUE,Auto,156,109,47
b_165,TRUE,Cab,30,25,5
b_96,TRUE,Auto,53,41,12
b_96,TRUE,Cab,14,12,2
b_110,TRUE,Auto,410,353,57
b_110,TRUE,Cab,188,166,22
b_30,TRUE,Auto,76,73,3
b_30,TRUE,Cab,53,53,0
b_28,TRUE,Auto,76,76,0
b_28,TRUE,Cab,70,67,3
b_219,TRUE,Auto,116,95,21
b_219,TRUE,Cab,38,33,5
b_232,TRUE,Auto,169,139,30
b_232,TRUE,Cab,87,78,9
b_116,TRUE,Auto,525,470,55
b_116,TRUE,Cab,310,287,23
b_159,TRUE,Auto,63,60,3
b_159,TRUE,Cab,7,7,0
b_158,TRUE,Auto,32,27,5
b_158,TRUE,Cab,12,11,1
b_164,TRUE,Auto,52,41,11
b_164,TRUE,Cab,30,26,4
b_162,TRUE,Auto,67,56,11
b_162,TRUE,Cab,23,20,3
b_163,TRUE,Auto,69,65,4
b_163,TRUE,Cab,30,27,3
b_172,TRUE,Auto,172,124,48
b_172,TRUE,Cab,53,38,15
b_171,TRUE,Auto,88,73,15
b_171,TRUE,Cab,22,14,8
b_180,TRUE,Auto,172,124,48
b_180,TRUE,Cab,106,102,4
b_109,TRUE,Auto,261,233,28
b_109,TRUE,Cab,126,111,15
b_108,TRUE,Auto,328,269,59
b_108,TRUE,Cab,219,208,11
b_104,TRUE,Auto,56,49,7
b_104,TRUE,Cab,50,47,3
b_105,TRUE,Auto,342,305,37
b_105,TRUE,Cab,121,109,12
b_235,TRUE,Auto,35,26,9
b_235,TRUE,Cab,17,16,1
b_234,TRUE,Auto,5,5,0
b_234,TRUE,Cab,3,3,0
b_233,TRUE,Auto,122,101,21
b_233,TRUE,Cab,79,75,4
b_237,TRUE,Auto,70,54,16
b_237,TRUE,Cab,33,25,8
b_240,TRUE,Auto,121,103,18
b_240,TRUE,Cab,51,48,3
b_209,TRUE,Auto,45,43,2
b_209,TRUE,Cab,8,7,1
b_207,TRUE,Auto,30,25,5
b_207,TRUE,Cab,12,10,2
b_208,TRUE,Auto,46,36,10
b_208,TRUE,Cab,20,18,2
b_95,TRUE,Auto,43,37,6
b_95,TRUE,Cab,3,3,0
b_16,TRUE,Auto,73,68,5
b_16,TRUE,Cab,23,21,2
b_126,TRUE,Auto,51,41,10
b_126,TRUE,Cab,9,7,2
b_127,TRUE,Auto,174,142,32
b_127,TRUE,Cab,44,38,6
b_128,TRUE,Auto,432,339,93
b_128,TRUE,Cab,196,172,24
b_190,TRUE,Auto,72,56,16
b_190,TRUE,Cab,29,21,8
b_192,TRUE,Auto,99,77,22
b_192,TRUE,Cab,46,40,6
b_193,TRUE,Auto,53,46,7
b_193,TRUE,Cab,29,20,9
b_66,TRUE,Auto,126,101,25
b_66,TRUE,Cab,42,36,6
b_67,TRUE,Auto,150,122,28
b_67,TRUE,Cab,52,41,11
b_68,TRUE,Auto,47,39,8
b_68,TRUE,Cab,2,2,0
b_70,TRUE,Auto,88,68,20
b_70,TRUE,Cab,21,15,6
b_72,TRUE,Auto,117,94,23
b_72,TRUE,Cab,35,29,6
b_73,TRUE,Auto,96,68,28
b_73,TRUE,Cab,36,21,15
b_69,TRUE,Auto,47,40,7
b_69,TRUE,Cab,5,4,1
b_15,TRUE,Auto,79,74,5
b_15,TRUE,Cab,36,28,8
b_13,TRUE,Auto,102,89,13
b_13,TRUE,Cab,37,34,3
b_11,TRUE,Auto,284,255,29
b_11,TRUE,Cab,143,127,16
b_14,TRUE,Auto,124,115,9
b_14,TRUE,Cab,20,20,0
b_18,TRUE,Auto,78,73,5
b_18,TRUE,Cab,23,20,3
b_111,TRUE,Auto,137,124,13
b_111,TRUE,Cab,46,42,4
b_112,TRUE,Auto,179,159,20
b_112,TRUE,Cab,99,89,10
b_113,TRUE,Auto,315,278,37
b_113,TRUE,Cab,159,141,18
b_199,TRUE,Auto,105,77,28
b_199,TRUE,Cab,30,23,7
b_198,TRUE,Auto,164,138,26
b_198,TRUE,Cab,48,38,10
b_81,TRUE,Auto,263,218,45
b_81,TRUE,Cab,75,63,12
b_82,TRUE,Auto,155,106,49
b_82,TRUE,Cab,54,41,13
b_83,TRUE,Auto,230,185,45
b_83,TRUE,Cab,48,37,11
b_87,TRUE,Auto,99,78,21
b_87,TRUE,Cab,19,16,3
b_84,TRUE,Auto,90,65,25
b_84,TRUE,Cab,17,12,5
b_85,TRUE,Auto,45,38,7
b_85,TRUE,Cab,10,7,3
b_86,TRUE,Auto,124,93,31
b_86,TRUE,Cab,55,54,1
b_88,TRUE,Auto,107,82,25
b_88,TRUE,Cab,39,39,0
b_89,TRUE,Auto,238,207,31
b_89,TRUE,Cab,94,85,9
b_91,TRUE,Auto,259,190,69
b_91,TRUE,Cab,114,92,22
b_90,TRUE,Auto,219,176,43
b_90,TRUE,Cab,167,163,4
b_92,TRUE,Auto,106,86,20
b_92,TRUE,Cab,32,28,4
b_227,TRUE,Auto,58,51,7
b_227,TRUE,Cab,24,18,6
b_226,TRUE,Auto,118,110,8
b_226,TRUE,Cab,58,51,7
b_217,TRUE,Auto,49,36,13
b_217,TRUE,Cab,18,18,0
b_206,TRUE,Auto,59,47,12
b_206,TRUE,Cab,9,7,2
b_202,TRUE,Auto,103,71,32
b_202,TRUE,Cab,27,25,2
b_203,TRUE,Auto,27,17,10
b_203,TRUE,Cab,12,7,5
b_146,TRUE,Auto,73,64,9
b_146,TRUE,Cab,45,42,3
b_147,TRUE,Auto,33,29,4
b_147,TRUE,Cab,24,24,0
b_149,TRUE,Auto,25,17,8
b_149,TRUE,Cab,9,7,2
b_148,TRUE,Auto,70,60,10
b_148,TRUE,Cab,6,6,0
b_150,TRUE,Auto,28,24,4
b_150,TRUE,Cab,14,14,0
b_151,TRUE,Auto,44,40,4
b_151,TRUE,Cab,7,7,0
b_152,TRUE,Auto,25,21,4
b_152,TRUE,Cab,6,6,0
b_153,TRUE,Auto,48,41,7
b_153,TRUE,Cab,13,13,0
b_154,TRUE,Auto,17,17,0
b_154,TRUE,Cab,22,20,2
b_155,TRUE,Auto,47,46,1
b_155,TRUE,Cab,12,12,0
b_19,TRUE,Auto,95,87,8
b_19,TRUE,Cab,51,40,11
b_35,TRUE,Auto,256,241,15
b_35,TRUE,Cab,135,122,13
b_182,TRUE,Auto,45,33,12
b_182,TRUE,Cab,19,17,2
b_183,TRUE,Auto,103,63,40
b_183,TRUE,Cab,32,22,10
b_184,TRUE,Auto,47,36,11
b_184,TRUE,Cab,8,7,1
b_29,TRUE,Auto,103,96,7
b_29,TRUE,Cab,65,63,2
w_0,TRUE,Auto,3410,3214,196
w_0,TRUE,Cab,5109,4921,188
